name	language	family	closed_class	open_class	vocab	closed_ratio	open_ratio	closed_freq_ratio	open_freq_ratio
UD_Abaza-ATB	Abaza	Northwest Caucasian	41	436	477	0.0859538784067086	0.9140461215932913	0.17701863354037267	0.8229813664596274
UD_Abkhaz-AbNC	Abkhaz	Northwest Caucasian	234	4311	4545	0.05148514851485148	0.9485148514851485	0.1368335146898803	0.8631664853101197
UD_Afrikaans-AfriBooms	Afrikaans	Indo-European	165	1139	1304	0.12653374233128833	0.8734662576687117	0.5031111111111111	0.4968888888888889
UD_Afrikaans-AfriBooms	Afrikaans	Indo-European	222	2857	3079	0.07210133160116922	0.9278986683988308	0.4992401215805471	0.5007598784194529
UD_Afrikaans-AfriBooms	Afrikaans	Indo-European	333	5934	6267	0.05313547151747248	0.9468645284825276	0.5038220167036286	0.4961779832963714
UD_Akkadian-PISANDUB	Akkadian	Afro-Asiatic	85	802	887	0.09582863585118377	0.9041713641488163	0.284675615212528	0.7153243847874721
UD_Akkadian-RIAO	Akkadian	Afro-Asiatic	90	2759	2849	0.03159003159003159	0.9684099684099684	0.28495701367544213	0.7150429863245579
UD_Akuntsu-TuDeT	Akuntsu	Tupian	47	461	508	0.09251968503937008	0.90748031496063	0.18391866913123844	0.8160813308687616
UD_Albanian-STAF	Albanian	Indo-European	195	915	1110	0.17567567567567569	0.8243243243243243	0.4748233215547703	0.5251766784452296
UD_Albanian-STAF	Albanian	Indo-European	207	1011	1218	0.16995073891625614	0.8300492610837439	0.47397695669447754	0.5260230433055224
UD_Albanian-STAF	Albanian	Indo-European	220	1099	1319	0.16679302501895377	0.8332069749810462	0.47836879432624113	0.5216312056737589
UD_Albanian-TSA	Albanian	Indo-European	70	412	482	0.14522821576763487	0.8547717842323651	0.4232209737827715	0.5767790262172284
UD_Alemannic-DIVITAL	Alemannic	unknown	742	4572	5314	0.13963116296575084	0.8603688370342492	0.5070161340174322	0.4929838659825678
UD_Alemannic-UZH	Alemannic	unknown	240	539	779	0.3080872913992298	0.6919127086007703	0.5012205044751831	0.49877949552481693
UD_Amharic-ATT	Amharic	Afro-Asiatic	144	1358	1502	0.09587217043941411	0.9041278295605859	0.5530114484818317	0.44698855151816824
UD_Ancient_Greek-PROIEL	Ancient_Greek	Indo-European	432	4141	4573	0.09446752678766673	0.9055324732123332	0.43429534134192793	0.5657046586580721
UD_Ancient_Greek-PROIEL	Ancient_Greek	Indo-European	1006	30823	31829	0.03160639668227089	0.9683936033177292	0.43219177740905174	0.5678082225909483
UD_Ancient_Greek-PROIEL	Ancient_Greek	Indo-European	1023	32097	33120	0.03088768115942029	0.9691123188405797	0.4323870937594916	0.5676129062405084
UD_Ancient_Greek-PTNK	Ancient_Greek	Indo-European	304	3042	3346	0.09085475194261805	0.909145248057382	0.5098075614132789	0.4901924385867211
UD_Ancient_Greek-PTNK	Ancient_Greek	Indo-European	323	4182	4505	0.07169811320754717	0.9283018867924528	0.5023546032493524	0.4976453967506475
UD_Ancient_Greek-PTNK	Ancient_Greek	Indo-European	344	5049	5393	0.06378638976450955	0.9362136102354904	0.5051784991031649	0.494821500896835
UD_Ancient_Greek-Perseus	Ancient_Greek	Indo-European	403	6604	7007	0.0575139146567718	0.9424860853432282	0.3499041082063188	0.6500958917936812
UD_Ancient_Greek-Perseus	Ancient_Greek	Indo-European	543	12209	12752	0.04258155583437892	0.957418444165621	0.34322607518483805	0.656773924815162
UD_Ancient_Greek-Perseus	Ancient_Greek	Indo-European	1128	40824	41952	0.02688787185354691	0.9731121281464531	0.279752018349182	0.7202479816508179
UD_Ancient_Hebrew-PTNK	Ancient_Hebrew	Afro-Asiatic	1379	21017	22396	0.06157349526701197	0.938426504732988	0.5012147130867767	0.4987852869132233
UD_Ancient_Hebrew-PTNK	Ancient_Hebrew	Afro-Asiatic	1441	23197	24638	0.05848689016965663	0.9415131098303434	0.503481245620726	0.49651875437927395
UD_Ancient_Hebrew-PTNK	Ancient_Hebrew	Afro-Asiatic	1528	25496	27024	0.05654233274126702	0.9434576672587329	0.5035727776378746	0.4964272223621254
UD_Apurina-UFPA	Apurina	Arawakan	48	347	395	0.12151898734177215	0.8784810126582279	0.1970705725699068	0.8029294274300932
UD_Arabic-PADT	Arabic	Afro-Asiatic	168	5855	6023	0.027893076539930266	0.9721069234600698	0.3626593151943745	0.6373406848056254
UD_Arabic-PADT	Arabic	Afro-Asiatic	337	19070	19407	0.017364868346472922	0.9826351316535271	0.36054481709579284	0.6394551829042072
UD_Arabic-PADT	Arabic	Afro-Asiatic	360	20154	20514	0.01754899093302135	0.9824510090669787	0.36104646563890774	0.6389535343610923
UD_Arabic-PUD	Arabic	Afro-Asiatic	152	6662	6814	0.022307014969181096	0.9776929850308189	0.3422278930433818	0.6577721069566183
UD_Armenian-ArmTDP	Armenian	Indo-European	523	19903	20426	0.0256046215607559	0.9743953784392441	0.25601395419384193	0.743986045806158
UD_Armenian-ArmTDP	Armenian	Indo-European	537	21958	22495	0.02387197154923316	0.9761280284507668	0.250077433777287	0.749922566222713
UD_Armenian-ArmTDP	Armenian	Indo-European	566	23779	24345	0.023249127130827687	0.9767508728691723	0.2498371335504886	0.7501628664495114
UD_Armenian-BSUT	Armenian	Indo-European	365	7529	7894	0.04623764884722574	0.9537623511527743	0.27583646802613343	0.7241635319738665
UD_Armenian-BSUT	Armenian	Indo-European	401	9901	10302	0.038924480683362454	0.9610755193166376	0.2757773566364849	0.7242226433635152
UD_Armenian-BSUT	Armenian	Indo-European	423	12114	12537	0.03374012921751615	0.9662598707824839	0.2767683943061665	0.7232316056938335
UD_Assyrian-AS	Assyrian	Afro-Asiatic	72	174	246	0.2926829268292683	0.7073170731707317	0.483695652173913	0.5163043478260869
UD_Azerbaijani-TueCL	Azerbaijani	Altaic	63	363	426	0.14788732394366197	0.852112676056338	0.16323731138545952	0.8367626886145405
UD_Bambara-CRB	Bambara	Mande	121	913	1034	0.11702127659574468	0.8829787234042553	0.5086199196069674	0.4913800803930326
UD_Basque-BDT	Basque	Basque	722	8320	9042	0.0798495907984959	0.920150409201504	0.2563619227144204	0.7436380772855796
UD_Basque-BDT	Basque	Basque	1023	13709	14732	0.06944067336410535	0.9305593266358947	0.256617463097323	0.743382536902677
UD_Basque-BDT	Basque	Basque	1544	25487	27031	0.05711960341829751	0.9428803965817025	0.25520942643840133	0.7447905735615986
UD_Bavarian-MaiBaam	Bavarian	Indo-European	757	4001	4758	0.1591004623791509	0.8408995376208491	0.48448818897637796	0.5155118110236221
UD_Beja-Autogramm	Beja	Afro-Asiatic	240	1637	1877	0.12786361214704314	0.8721363878529569	0.49347400478572984	0.5065259952142702
UD_Belarusian-HSE	Belarusian	Indo-European	962	46968	47930	0.020070936782808264	0.9799290632171918	0.2686244037845023	0.7313755962154977
UD_Belarusian-HSE	Belarusian	Indo-European	968	48790	49758	0.01945415812532658	0.9805458418746734	0.2676780022969526	0.7323219977030474
UD_Belarusian-HSE	Belarusian	Indo-European	980	50691	51671	0.018966151226026205	0.9810338487739738	0.2667953701605453	0.7332046298394548
UD_Bengali-BRU	Bengali	Indo-European	29	113	142	0.20422535211267606	0.795774647887324	0.3067226890756303	0.6932773109243697
UD_Bhojpuri-BHTB	Bhojpuri	Indo-European	292	1467	1759	0.16600341102899374	0.8339965889710063	0.39823468328141226	0.6017653167185878
UD_Bokota-ChibErgIS	Bokota	unknown	42	382	424	0.09905660377358491	0.9009433962264151	0.35743519781718963	0.6425648021828103
UD_Bororo-BDT	Bororo	Bororoan	2634	11733	14367	0.18333681353100856	0.8166631864689914	0.2615771962952972	0.7384228037047028
UD_Bororo-BDT	Bororo	Bororoan	2833	12529	15362	0.18441609165473247	0.8155839083452675	0.26249800493003955	0.7375019950699605
UD_Bororo-BDT	Bororo	Bororoan	3010	13296	16306	0.18459462774438856	0.8154053722556114	0.26238229717513223	0.7376177028248678
UD_Breton-KEB	Breton	Indo-European	301	2322	2623	0.11475409836065574	0.8852459016393442	0.4687717668911075	0.5312282331088926
UD_Bulgarian-BTB	Bulgarian	Indo-European	284	5674	5958	0.04766700234978181	0.9523329976502182	0.379841449603624	0.620158550396376
UD_Bulgarian-BTB	Bulgarian	Indo-European	477	26425	26902	0.01773102371570887	0.9822689762842911	0.3798171185180177	0.6201828814819823
UD_Bulgarian-BTB	Bulgarian	Indo-European	489	28308	28797	0.016980935514116054	0.9830190644858839	0.38071269926698553	0.6192873007330144
UD_Buryat-BDT	Buryat	Altaic	273	4021	4294	0.06357708430367956	0.9364229156963204	0.11255953873151166	0.8874404612684883
UD_Buryat-BDT	Buryat	Altaic	280	4073	4353	0.06432345508844475	0.9356765449115553	0.11358299344951181	0.8864170065504882
UD_Cantonese-HK	Cantonese	Sino-Tibetan	168	1369	1537	0.10930383864671438	0.8906961613532857	0.2609281126993992	0.7390718873006008
UD_Cappadocian-AMGiC	Cappadocian	Indo-European	63	166	229	0.27510917030567683	0.7248908296943232	0.42777777777777776	0.5722222222222222
UD_Cappadocian-TueCL	Cappadocian	Indo-European	221	854	1075	0.2055813953488372	0.7944186046511628	0.5189644792293799	0.4810355207706201
UD_Catalan-AnCora	Catalan	Indo-European	307	9431	9738	0.031525980694187716	0.9684740193058122	0.5054519742473298	0.49454802575267015
UD_Catalan-AnCora	Catalan	Indo-European	355	14370	14725	0.024108658743633278	0.9758913412563667	0.5098355732412343	0.49016442675876565
UD_Catalan-AnCora	Catalan	Indo-European	517	34797	35314	0.014640086084838874	0.9853599139151611	0.510147355672184	0.4898526443278159
UD_Cebuano-GJA	Cebuano	Austronesian	78	419	497	0.15694164989939638	0.8430583501006036	0.44287158746208294	0.5571284125379171
UD_Central_Kurdish-Mukri	Central_Kurdish	unknown	24	46	70	0.34285714285714286	0.6571428571428571	0.4270833333333333	0.5729166666666666
UD_Central_Kurdish-Mukri	Central_Kurdish	unknown	33	83	116	0.28448275862068967	0.7155172413793104	0.3793103448275862	0.6206896551724138
UD_Central_Kurdish-Mukri	Central_Kurdish	unknown	56	249	305	0.18360655737704917	0.8163934426229508	0.3532423208191126	0.6467576791808873
UD_Chinese-Beginner	Chinese	Sino-Tibetan	133	1407	1540	0.08636363636363636	0.9136363636363637	0.2722590613532479	0.727740938646752
UD_Chinese-CFL	Chinese	Sino-Tibetan	162	1387	1549	0.10458360232408005	0.89541639767592	0.29592541436464087	0.7040745856353591
UD_Chinese-GSD	Chinese	Sino-Tibetan	407	16449	16856	0.024145704793545324	0.9758542952064547	0.20517288819590937	0.7948271118040906
UD_Chinese-GSD	Chinese	Sino-Tibetan	422	17681	18103	0.02331105341656079	0.9766889465834392	0.20591157186101144	0.7940884281389886
UD_Chinese-GSD	Chinese	Sino-Tibetan	440	18933	19373	0.022712021886130182	0.9772879781138698	0.20512524650694416	0.7948747534930558
UD_Chinese-GSDSimp	Chinese	Sino-Tibetan	396	16386	16782	0.02359671076153021	0.9764032892384698	0.2051859907495971	0.7948140092504029
UD_Chinese-GSDSimp	Chinese	Sino-Tibetan	410	17610	18020	0.022752497225305215	0.9772475027746947	0.20592325942894543	0.7940767405710546
UD_Chinese-GSDSimp	Chinese	Sino-Tibetan	428	18853	19281	0.022198018774959805	0.9778019812250401	0.20513573616414216	0.7948642638358578
UD_Chinese-HK	Chinese	Sino-Tibetan	190	1382	1572	0.12086513994910941	0.8791348600508906	0.27669133192389006	0.7233086680761099
UD_Chinese-PUD	Chinese	Sino-Tibetan	213	5017	5230	0.040726577437858506	0.9592734225621415	0.21621621621621623	0.7837837837837838
UD_Chinese-PatentChar	Chinese	Sino-Tibetan	58	600	658	0.08814589665653495	0.9118541033434651	0.12111801242236025	0.8788819875776398
UD_Chintang-CTNTB	Chintang	unknown	266	4507	4773	0.05573014875340457	0.9442698512465955	0.20078973346495557	0.7992102665350445
UD_Chukchi-HSE	Chukchi	Chukotko-Kamchatkan	190	2106	2296	0.08275261324041812	0.9172473867595818	0.17879627297909848	0.8212037270209015
UD_Classical_Armenian-CAVaL	Classical_Armenian	Indo-European	214	1663	1877	0.11401172083111348	0.8859882791688866	0.5381745502998001	0.46182544970019984
UD_Classical_Armenian-CAVaL	Classical_Armenian	Indo-European	458	8624	9082	0.05042942083241577	0.9495705791675842	0.527127897367815	0.472872102632185
UD_Classical_Armenian-CAVaL	Classical_Armenian	Indo-European	472	9096	9568	0.04933110367892977	0.9506688963210702	0.5283836487072079	0.47161635129279217
UD_Classical_Chinese-Kyoto	Classical_Chinese	Sino-Tibetan	58	3041	3099	0.01871571474669248	0.9812842852533075	0.12738810043668122	0.8726118995633187
UD_Classical_Chinese-Kyoto	Classical_Chinese	Sino-Tibetan	86	9495	9581	0.008976098528337334	0.9910239014716626	0.1296913324957928	0.8703086675042072
UD_Classical_Chinese-Kyoto	Classical_Chinese	Sino-Tibetan	87	9753	9840	0.008841463414634146	0.9911585365853659	0.13093512208314959	0.8690648779168504
UD_Classical_Chinese-TueCL	Classical_Chinese	Sino-Tibetan	20	230	250	0.08	0.92	0.19655172413793104	0.803448275862069
UD_Coptic-Bohairic	Coptic	Afro-Asiatic	150	565	715	0.2097902097902098	0.7902097902097902	0.6753969890699113	0.3246030109300887
UD_Coptic-Bohairic	Coptic	Afro-Asiatic	208	1147	1355	0.15350553505535056	0.8464944649446494	0.6582790091264668	0.34172099087353325
UD_Coptic-Bohairic	Coptic	Afro-Asiatic	248	1850	2098	0.11820781696854146	0.8817921830314586	0.6554996127033308	0.34450038729666926
UD_Coptic-Scriptorium	Coptic	Afro-Asiatic	250	2016	2266	0.11032656663724624	0.8896734333627537	0.6474606937858747	0.35253930621412527
UD_Coptic-Scriptorium	Coptic	Afro-Asiatic	260	2298	2558	0.1016419077404222	0.8983580922595777	0.6468472331403797	0.35315276685962027
UD_Coptic-Scriptorium	Coptic	Afro-Asiatic	269	2548	2817	0.09549165779197728	0.9045083422080227	0.6467169459238814	0.35328305407611865
UD_Croatian-SET	Croatian	Indo-European	692	31430	32122	0.021542867816449787	0.9784571321835502	0.33673368927259645	0.6632663107274035
UD_Croatian-SET	Croatian	Indo-European	715	34359	35074	0.020385470719051148	0.9796145292809488	0.3360624322681257	0.6639375677318743
UD_Croatian-SET	Croatian	Indo-European	730	37315	38045	0.01918780391641477	0.9808121960835853	0.33502455561876676	0.6649754443812332
UD_Czech-CAC	Czech	Indo-European	949	65300	66249	0.014324744524445652	0.9856752554755543	0.31114321755456464	0.6888567824454354
UD_Czech-CAC	Czech	Indo-European	957	66423	67380	0.014203027604630453	0.9857969723953696	0.3111063838941061	0.688893616105894
UD_Czech-CAC	Czech	Indo-European	958	67545	68503	0.01398478898734362	0.9860152110126564	0.31037625826475734	0.6896237417352427
UD_Czech-CLTT	Czech	Indo-European	152	2256	2408	0.06312292358803986	0.9368770764119602	0.2919501133786848	0.7080498866213152
UD_Czech-CLTT	Czech	Indo-European	218	3396	3614	0.06032097399003874	0.9396790260099612	0.2916398235789682	0.7083601764210318
UD_Czech-CLTT	Czech	Indo-European	242	4117	4359	0.05551732048635008	0.94448267951365	0.2894772898540796	0.7105227101459204
UD_Czech-FicTree	Czech	Indo-European	831	24993	25824	0.03217936802973978	0.9678206319702602	0.41419603690818335	0.5858039630918167
UD_Czech-FicTree	Czech	Indo-European	850	27001	27851	0.03051955046497433	0.9694804495350257	0.41494550592034446	0.5850544940796556
UD_Czech-FicTree	Czech	Indo-European	874	28914	29788	0.02934067409695179	0.9706593259030482	0.41506648090377685	0.5849335190962232
UD_Czech-PDTC	Czech	Indo-European	981	48784	49765	0.019712649452426404	0.9802873505475735	0.36310753716153704	0.636892462838463
UD_Czech-PDTC	Czech	Indo-European	1553	190931	192484	0.008068203071424118	0.9919317969285759	0.3598834732629997	0.6401165267370004
UD_Czech-PDTC	Czech	Indo-European	1594	203766	205360	0.007761978963770939	0.992238021036229	0.358481610924725	0.6415183890752749
UD_Czech-PUD	Czech	Indo-European	400	7473	7873	0.050806554045471866	0.9491934459545281	0.31792162043152794	0.6820783795684721
UD_Czech-Poetry	Czech	Indo-European	311	2482	2793	0.11134980307912638	0.8886501969208737	0.3460255152109912	0.6539744847890089
UD_Danish-DDT	Danish	Indo-European	318	15877	16195	0.019635690027786354	0.9803643099722137	0.40359008313102335	0.5964099168689767
UD_Danish-DDT	Danish	Indo-European	326	17259	17585	0.018538527153824282	0.9814614728461757	0.4037990515399448	0.5962009484600552
UD_Danish-DDT	Danish	Indo-European	337	18578	18915	0.01781654771345493	0.982183452286545	0.403298702823267	0.596701297176733
UD_Dutch-Alpino	Dutch	Indo-European	551	25669	26220	0.021014492753623187	0.9789855072463768	0.44584124595773594	0.554158754042264
UD_Dutch-Alpino	Dutch	Indo-European	555	26667	27222	0.02038792153405334	0.9796120784659467	0.4456850523614198	0.5543149476385801
UD_Dutch-Alpino	Dutch	Indo-European	562	27795	28357	0.019818739641005747	0.9801812603589942	0.4445804536689993	0.5554195463310008
UD_Dutch-LassySmall	Dutch	Indo-European	305	6124	6429	0.047441281692331624	0.9525587183076684	0.43576846965699206	0.5642315303430079
UD_Dutch-LassySmall	Dutch	Indo-European	528	30008	30536	0.01729106628242075	0.9827089337175793	0.42582259326449373	0.5741774067355063
UD_Dutch-LassySmall	Dutch	Indo-European	539	32153	32692	0.01648721399730821	0.9835127860026918	0.42561052117945025	0.5743894788205498
UD_Egyptian-UJaen	Egyptian	Afro-Asiatic	118	1784	1902	0.06203995793901157	0.9379600420609885	0.3677956511195538	0.6322043488804462
UD_Egyptian-UJaen	Egyptian	Afro-Asiatic	145	2822	2967	0.04887091338051904	0.9511290866194809	0.3622163901117508	0.6377836098882492
UD_English-Atis	English	Indo-European	89	793	882	0.10090702947845805	0.8990929705215419	0.4162645737124397	0.5837354262875604
UD_English-Atis	English	Indo-European	89	835	924	0.09632034632034632	0.9036796536796536	0.4160326929742944	0.5839673070257055
UD_English-Atis	English	Indo-European	90	861	951	0.0946372239747634	0.9053627760252366	0.41663679906161416	0.5833632009383859
UD_English-CHILDES	English	Indo-European	269	2293	2562	0.1049960967993755	0.8950039032006245	0.5024004085801839	0.49759959141981613
UD_English-CHILDES	English	Indo-European	320	4217	4537	0.07053118800969804	0.929468811990302	0.48925511279458705	0.5107448872054129
UD_English-CHILDES	English	Indo-European	438	7624	8062	0.05432895063259737	0.9456710493674026	0.49695600660864286	0.5030439933913571
UD_English-CTeTex	English	Indo-European	136	2026	2162	0.06290471785383904	0.937095282146161	0.36110374104537013	0.6388962589546299
UD_English-ESLSpok	English	Indo-European	96	518	614	0.1563517915309446	0.8436482084690554	0.47891392258809934	0.5210860774119006
UD_English-ESLSpok	English	Indo-European	124	822	946	0.13107822410147993	0.86892177589852	0.47571993224167136	0.5242800677583286
UD_English-ESLSpok	English	Indo-European	184	2101	2285	0.08052516411378556	0.9194748358862145	0.46785651382610227	0.5321434861738977
UD_English-EWT	English	Indo-European	293	5321	5614	0.05219095119344496	0.947809048806555	0.4128137384412153	0.5871862615587847
UD_English-EWT	English	Indo-European	366	8421	8787	0.041652441106179584	0.9583475588938204	0.41560550782629163	0.5843944921737083
UD_English-EWT	English	Indo-European	591	22304	22895	0.025813496396593142	0.9741865036034069	0.4324704882991935	0.5675295117008066
UD_English-GENTLE	English	Indo-European	258	3780	4038	0.0638930163447251	0.9361069836552749	0.3891680625348967	0.6108319374651033
UD_English-GUM	English	Indo-European	264	4887	5151	0.0512521840419336	0.9487478159580663	0.44727257326782993	0.5527274267321701
UD_English-GUM	English	Indo-European	310	8192	8502	0.03646200893907316	0.9635379910609269	0.4425776176310387	0.5574223823689614
UD_English-GUM	English	Indo-European	441	20369	20810	0.021191734742912062	0.978808265257088	0.4379246574642649	0.5620753425357351
UD_English-LinES	English	Indo-European	318	8479	8797	0.036148687052404226	0.9638513129475957	0.4720474368505993	0.5279525631494006
UD_English-LinES	English	Indo-European	336	10233	10569	0.031791087141640646	0.9682089128583593	0.47214342910655394	0.5278565708934461
UD_English-LinES	English	Indo-European	351	11580	11931	0.029419160170983154	0.9705808398290169	0.4713361047095017	0.5286638952904983
UD_English-LittlePrince	English	Indo-European	168	1047	1215	0.1382716049382716	0.8617283950617284	0.5091012514220705	0.4908987485779295
UD_English-PUD	English	Indo-European	242	5505	5747	0.04210892639638072	0.9578910736036192	0.41102880658436214	0.5889711934156379
UD_English-ParTUT	English	Indo-European	146	987	1133	0.12886142983230361	0.8711385701676964	0.47162883845126835	0.5283711615487316
UD_English-ParTUT	English	Indo-European	302	6914	7216	0.04185144124168515	0.9581485587583148	0.4301414444861685	0.5698585555138315
UD_English-ParTUT	English	Indo-European	305	7216	7521	0.04055311793644462	0.9594468820635553	0.4297348484848485	0.5702651515151516
UD_English-Pronouns	English	Indo-European	33	46	79	0.4177215189873418	0.5822784810126582	0.5559701492537313	0.44402985074626866
UD_Erzya-JR	Erzya	Uralic	351	3861	4212	0.08333333333333333	0.9166666666666666	0.1927710843373494	0.8072289156626506
UD_Erzya-JR	Erzya	Uralic	530	6715	7245	0.07315389924085576	0.9268461007591442	0.20236336779911374	0.7976366322008862
UD_Esperanto-Cairo	Esperanto	unknown	33	79	112	0.29464285714285715	0.7053571428571429	0.3972602739726027	0.6027397260273972
UD_Esperanto-Prago	Esperanto	unknown	131	911	1042	0.1257197696737044	0.8742802303262955	0.44481481481481483	0.5551851851851852
UD_Estonian-EDT	Estonian	Uralic	1391	71882	73273	0.018983800308435578	0.9810161996915644	0.2358434091367873	0.7641565908632127
UD_Estonian-EDT	Estonian	Uralic	1444	78683	80127	0.018021391041721267	0.9819786089582787	0.23697485651234315	0.7630251434876568
UD_Estonian-EDT	Estonian	Uralic	1496	85644	87140	0.017167775992655496	0.9828322240073445	0.23706612124647133	0.7629338787535287
UD_Estonian-EWT	Estonian	Uralic	417	4556	4973	0.08385280514779811	0.9161471948522019	0.2843986001105176	0.7156013998894825
UD_Estonian-EWT	Estonian	Uralic	578	7044	7622	0.07583311466806612	0.9241668853319339	0.2932401911865119	0.7067598088134881
UD_Estonian-EWT	Estonian	Uralic	1030	20957	21987	0.04684586346477464	0.9531541365352254	0.29907435689716994	0.70092564310283
UD_Faroese-FarPaHC	Faroese	Indo-European	244	1410	1654	0.1475211608222491	0.8524788391777509	0.553416485900217	0.4465835140997831
UD_Faroese-FarPaHC	Faroese	Indo-European	276	2236	2512	0.10987261146496816	0.8901273885350318	0.5511344280166246	0.44886557198337534
UD_Faroese-FarPaHC	Faroese	Indo-European	348	3497	3845	0.0905071521456437	0.9094928478543564	0.5623533658184443	0.4376466341815557
UD_Faroese-OFT	Faroese	Indo-European	152	3128	3280	0.046341463414634146	0.9536585365853658	0.36263075628231334	0.6373692437176867
UD_Finnish-FTB	Finnish	Uralic	701	7320	8021	0.08739558658521382	0.9126044134147862	0.2721108275610645	0.7278891724389355
UD_Finnish-FTB	Finnish	Uralic	1014	12709	13723	0.07389054871383809	0.926109451286162	0.27623714593310317	0.7237628540668969
UD_Finnish-FTB	Finnish	Uralic	2050	44653	46703	0.0438943965055778	0.9561056034944222	0.27349848060537446	0.7265015193946255
UD_Finnish-OOD	Finnish	Uralic	567	7994	8561	0.06623058053965658	0.9337694194603434	0.22139757217435058	0.7786024278256494
UD_Finnish-PUD	Finnish	Uralic	379	7417	7796	0.048614674191893276	0.9513853258081068	0.23896703133139838	0.7610329686686016
UD_Finnish-TDT	Finnish	Uralic	1367	47657	49024	0.027884301566579634	0.9721156984334204	0.23468886383999538	0.7653111361600047
UD_Finnish-TDT	Finnish	Uralic	1432	51514	52946	0.027046424659086618	0.9729535753409134	0.23574295102406587	0.7642570489759342
UD_Finnish-TDT	Finnish	Uralic	1503	55661	57164	0.026292771674480443	0.9737072283255196	0.2373371335504886	0.7626628664495114
UD_French-ALTS	French	Indo-European	199	1082	1281	0.15534738485558158	0.8446526151444185	0.5179140874132433	0.4820859125867567
UD_French-ALTS	French	Indo-European	482	4701	5183	0.09299633416939997	0.9070036658306	0.5142641785249309	0.4857358214750691
UD_French-ALTS	French	Indo-European	546	6011	6557	0.08326978801281074	0.9167302119871893	0.5178173359609731	0.48218266403902693
UD_French-FQB	French	Indo-European	171	4059	4230	0.04042553191489362	0.9595744680851064	0.4960883129349652	0.5039116870650348
UD_French-GSD	French	Indo-European	279	8857	9136	0.030538528896672506	0.9694614711033275	0.4787462837624138	0.5212537162375862
UD_French-GSD	French	Indo-European	466	42883	43349	0.010749959629979931	0.9892500403700201	0.48048079496398693	0.5195192050360131
UD_French-GSD	French	Indo-European	470	43426	43896	0.010707125934025879	0.9892928740659741	0.48060715916795027	0.5193928408320497
UD_French-PUD	French	Indo-European	244	5817	6061	0.040257383270087446	0.9597426167299126	0.4864877181789181	0.5135122818210819
UD_French-ParTUT	French	Indo-European	273	3563	3836	0.07116788321167883	0.9288321167883211	0.5133440884996543	0.4866559115003457
UD_French-ParTUT	French	Indo-European	278	3833	4111	0.06762344928241304	0.932376550717587	0.5140863161500256	0.4859136838499743
UD_French-ParTUT	French	Indo-European	283	4058	4341	0.06519235199262843	0.9348076480073716	0.5128792882396364	0.48712071176036364
UD_French-ParisStories	French	Indo-European	164	2053	2217	0.07397383852052324	0.9260261614794768	0.5275325535201942	0.47246744647980576
UD_French-ParisStories	French	Indo-European	172	2609	2781	0.061848256023013304	0.9381517439769866	0.52388589758277	0.4761141024172299
UD_French-ParisStories	French	Indo-European	181	3092	3273	0.055300947143293616	0.9446990528567064	0.5257845582690411	0.47421544173095886
UD_French-PoitevinDIVITAL	French	Indo-European	242	1342	1584	0.1527777777777778	0.8472222222222222	0.5176972281449893	0.48230277185501064
UD_French-Rhapsodie	French	Indo-European	160	1728	1888	0.0847457627118644	0.9152542372881356	0.500445941928451	0.4995540580715489
UD_French-Rhapsodie	French	Indo-European	200	3343	3543	0.056449336720293536	0.9435506632797065	0.49860424310097307	0.5013957568990269
UD_French-Rhapsodie	French	Indo-European	215	4382	4597	0.04676963236893626	0.9532303676310637	0.5045584045584045	0.49544159544159544
UD_French-Sequoia	French	Indo-European	208	2674	2882	0.07217210270645386	0.9278278972935462	0.4706879024059641	0.529312097594036
UD_French-Sequoia	French	Indo-European	339	8850	9189	0.036891936010447275	0.9631080639895527	0.4678770164690012	0.5321229835309988
UD_French-Sequoia	French	Indo-European	346	9601	9947	0.03478435709259073	0.9652156429074092	0.4684062625451626	0.5315937374548374
UD_Frisian_Dutch-Fame	Frisian_Dutch	Indo-European	170	1150	1320	0.12878787878787878	0.8712121212121212	0.43520257579822913	0.5647974242017708
UD_Galician-CTG	Galician	Indo-European	280	6504	6784	0.041273584905660375	0.9587264150943396	0.48870003384349264	0.5112999661565073
UD_Galician-CTG	Galician	Indo-European	347	10110	10457	0.0331835134359759	0.9668164865640241	0.49338884825296797	0.506611151747032
UD_Galician-CTG	Galician	Indo-European	430	16971	17401	0.024711223492902706	0.9752887765070973	0.49520915726182435	0.5047908427381756
UD_Galician-PUD	Galician	Indo-European	273	5984	6257	0.0436311331308934	0.9563688668691066	0.47592919509518583	0.5240708049048142
UD_Galician-TreeGal	Galician	Indo-European	234	2811	3045	0.07684729064039408	0.9231527093596059	0.48807542983915697	0.511924570160843
UD_Galician-TreeGal	Galician	Indo-European	337	5422	5759	0.058517103663830526	0.9414828963361694	0.4912203879668958	0.5087796120331042
UD_Georgian-GLC	Georgian	Kartvelian	221	10799	11020	0.020054446460980035	0.9799455535390199	0.22223233794610342	0.7777676620538966
UD_Georgian-GLC	Georgian	Kartvelian	265	13020	13285	0.019947308995107264	0.9800526910048928	0.2266682814581567	0.7733317185418432
UD_Georgian-GLC	Georgian	Kartvelian	274	14602	14876	0.018418929819844044	0.981581070180156	0.22584986846666802	0.774150131533332
UD_Georgian-GNC	Georgian	Kartvelian	239	3806	4045	0.05908529048207664	0.9409147095179233	0.27540747842761265	0.7245925215723873
UD_Georgian-GNC	Georgian	Kartvelian	247	4288	4535	0.05446527012127894	0.945534729878721	0.27439024390243905	0.725609756097561
UD_Georgian-GNC	Georgian	Kartvelian	323	7091	7414	0.04356622605880766	0.9564337739411923	0.28658836383501773	0.7134116361649823
UD_German-GSD	German	Indo-European	679	48944	49623	0.013683171110170688	0.9863168288898293	0.41767248589211986	0.5823275141078802
UD_German-GSD	German	Indo-European	696	50174	50870	0.013681934342441518	0.9863180656575585	0.4185287661786102	0.5814712338213899
UD_German-GSD	German	Indo-European	725	51894	52619	0.013778293012029876	0.9862217069879701	0.41883054968455513	0.5811694503154449
UD_German-HDT	German	Indo-European	928	162183	163111	0.005689377172600254	0.9943106228273998	0.4226845445435893	0.5773154554564107
UD_German-HDT	German	Indo-European	945	175421	176366	0.005358175612079426	0.9946418243879206	0.42261157795165843	0.5773884220483415
UD_German-HDT	German	Indo-European	954	188071	189025	0.005046951461446899	0.9949530485385532	0.4218563828838095	0.5781436171161906
UD_German-LIT	German	Indo-European	505	6981	7486	0.06745925728025648	0.9325407427197435	0.47528494828445017	0.5247150517155498
UD_German-PUD	German	Indo-European	359	6371	6730	0.053343239227340265	0.9466567607726597	0.44446268330050337	0.5555373166994966
UD_Gheg-GPS	Gheg	Indo-European	483	2158	2641	0.18288527073078378	0.8171147292692162	0.48742853206585385	0.5125714679341462
UD_Gothic-PROIEL	Gothic	Indo-European	241	2628	2869	0.08400139421401186	0.9159986057859881	0.4034124338105511	0.5965875661894489
UD_Gothic-PROIEL	Gothic	Indo-European	284	4165	4449	0.06383456956619465	0.9361654304338054	0.41113627412367076	0.5888637258763293
UD_Gothic-PROIEL	Gothic	Indo-European	349	8484	8833	0.039510924940563796	0.9604890750594363	0.4050346971230302	0.5949653028769698
UD_Greek-Cretan	Greek	Indo-European	141	894	1035	0.13623188405797101	0.863768115942029	0.4940659340659341	0.505934065934066
UD_Greek-Cretan	Greek	Indo-European	161	1171	1332	0.12087087087087087	0.8791291291291291	0.4960304858685297	0.5039695141314703
UD_Greek-Cretan	Greek	Indo-European	174	1302	1476	0.11788617886178862	0.8821138211382114	0.49607403252944476	0.5039259674705553
UD_Greek-GDT	Greek	Indo-European	295	8408	8703	0.03389635757784672	0.9661036424221533	0.4611739364566505	0.5388260635433495
UD_Greek-GDT	Greek	Indo-European	317	9796	10113	0.031345792544249976	0.96865420745575	0.45982545892266025	0.5401745410773398
UD_Greek-GDT	Greek	Indo-European	329	11258	11587	0.028393889703978596	0.9716061102960214	0.4594609145072141	0.5405390854927858
UD_Greek-GUD	Greek	Indo-European	265	2471	2736	0.09685672514619884	0.9031432748538012	0.514345210550671	0.485654789449329
UD_Greek-GUD	Greek	Indo-European	354	4521	4875	0.07261538461538461	0.9273846153846154	0.5132267441860465	0.4867732558139535
UD_Greek-Lesbian	Greek	Indo-European	344	1801	2145	0.16037296037296037	0.8396270396270397	0.4786429593296546	0.5213570406703454
UD_Greek-Messinian	Greek	Indo-European	40	100	140	0.2857142857142857	0.7142857142857143	0.4322916666666667	0.5677083333333334
UD_Greek-Messinian	Greek	Indo-European	96	259	355	0.2704225352112676	0.7295774647887324	0.47761194029850745	0.5223880597014925
UD_Greek-Messinian	Greek	Indo-European	108	299	407	0.26535626535626533	0.7346437346437347	0.4883401920438957	0.5116598079561042
UD_Guajajara-TuDeT	Guajajara	Tupian	158	1317	1475	0.10711864406779661	0.8928813559322034	0.32418552399293854	0.6758144760070615
UD_Guarani-OldTuDeT	Guarani	Tupian	41	103	144	0.2847222222222222	0.7152777777777778	0.28272251308900526	0.7172774869109948
UD_Gujarati-GujTB	Gujarati	Indo-European	166	813	979	0.16956077630234934	0.8304392236976507	0.349936948297604	0.650063051702396
UD_Gwichin-TueCL	Gwichin	Athabaskan-Eyak-Tlingit	38	487	525	0.07238095238095238	0.9276190476190476	0.10879284649776454	0.8912071535022354
UD_Haitian_Creole-Adolphe	Haitian_Creole	Indo-European	147	1232	1379	0.1065989847715736	0.8934010152284264	0.49285400175901495	0.507145998240985
UD_Haitian_Creole-Adolphe	Haitian_Creole	Indo-European	168	1580	1748	0.09610983981693363	0.9038901601830663	0.49041338047321187	0.5095866195267882
UD_Haitian_Creole-Adolphe	Haitian_Creole	Indo-European	234	3075	3309	0.07071622846781506	0.929283771532185	0.48270005712609426	0.5172999428739057
UD_Haitian_Creole-Autogramm	Haitian_Creole	Indo-European	103	894	997	0.10330992978936811	0.8966900702106319	0.4269064269064269	0.5730935730935731
UD_Hausa-NorthernAutogramm	Hausa	Afro-Asiatic	204	595	799	0.2553191489361702	0.7446808510638298	0.42124420913302446	0.5787557908669755
UD_Hausa-SouthernAutogramm	Hausa	Afro-Asiatic	259	1483	1742	0.1486796785304248	0.8513203214695751	0.43277704856553534	0.5672229514344647
UD_Hausa-WesternAutogramm	Hausa	Afro-Asiatic	327	1305	1632	0.20036764705882354	0.7996323529411765	0.4741024938339271	0.5258975061660729
UD_Hebrew-HTB	Hebrew	Afro-Asiatic	179	2956	3135	0.05709728867623604	0.9429027113237639	0.44191366620250644	0.5580863337974935
UD_Hebrew-HTB	Hebrew	Afro-Asiatic	342	16606	16948	0.020179372197309416	0.9798206278026906	0.447904109380007	0.552095890619993
UD_Hebrew-HTB	Hebrew	Afro-Asiatic	355	17504	17859	0.01987793269499972	0.9801220673050003	0.44698746803609546	0.5530125319639045
UD_Hebrew-IAHLTknesset	Hebrew	Afro-Asiatic	154	1495	1649	0.09338993329290479	0.9066100667070952	0.47855490300765263	0.5214450969923474
UD_Hebrew-IAHLTknesset	Hebrew	Afro-Asiatic	308	6818	7126	0.043222003929273084	0.9567779960707269	0.47511525072913724	0.5248847492708627
UD_Hebrew-IAHLTknesset	Hebrew	Afro-Asiatic	317	7254	7571	0.04187029454497424	0.9581297054550257	0.4762220409273234	0.5237779590726765
UD_Hebrew-IAHLTwiki	Hebrew	Afro-Asiatic	163	2473	2636	0.0618361153262519	0.9381638846737481	0.41875923190546527	0.5812407680945347
UD_Hebrew-IAHLTwiki	Hebrew	Afro-Asiatic	205	4080	4285	0.047841306884480746	0.9521586931155193	0.4198910540798562	0.5801089459201437
UD_Hebrew-IAHLTwiki	Hebrew	Afro-Asiatic	388	13796	14184	0.027354765933446136	0.9726452340665539	0.4262157472052948	0.5737842527947052
UD_Highland_Puebla_Nahuatl-ITML	Highland_Puebla_Nahuatl	Uto-Aztecan	156	1925	2081	0.07496395963479097	0.925036040365209	0.2834824240897064	0.7165175759102935
UD_Hindi-HDTB	Hindi	Indo-European	327	5051	5378	0.06080327259204165	0.9391967274079583	0.41031431753495856	0.5896856824650415
UD_Hindi-HDTB	Hindi	Indo-European	526	17669	18195	0.028909040945314646	0.9710909590546853	0.41217955816399976	0.5878204418360002
UD_Hindi-HDTB	Hindi	Indo-European	540	18723	19263	0.028033016664071018	0.971966983335929	0.41218000622858925	0.5878199937714108
UD_Hindi-PUD	Hindi	Indo-European	329	4890	5219	0.06303889634029508	0.936961103659705	0.43182998819362456	0.5681700118063755
UD_Hittite-HitTB	Hittite	Indo-European	112	550	662	0.1691842900302115	0.8308157099697885	0.2997370727432077	0.7002629272567923
UD_Hungarian-Szeged	Hungarian	Uralic	401	7402	7803	0.05139049083685762	0.9486095091631424	0.2933759442184776	0.7066240557815223
UD_Hungarian-Szeged	Hungarian	Uralic	464	10588	11052	0.0419833514296055	0.9580166485703945	0.2864187148809296	0.7135812851190704
UD_Hungarian-Szeged	Hungarian	Uralic	506	13461	13967	0.0362282523090141	0.963771747690986	0.28426592797783934	0.7157340720221607
UD_Icelandic-GC	Icelandic	Indo-European	282	3868	4150	0.06795180722891567	0.9320481927710843	0.3717310087173101	0.6282689912826899
UD_Icelandic-GC	Icelandic	Indo-European	564	19103	19667	0.028677480042711142	0.9713225199572889	0.3612139802241923	0.6387860197758076
UD_Icelandic-GC	Icelandic	Indo-European	579	20656	21235	0.027266305627501767	0.9727336943724982	0.3608968770259093	0.6391031229740907
UD_Icelandic-IcePaHC	Icelandic	Indo-European	1592	55245	56837	0.02800992311346482	0.9719900768865352	0.4827235788907979	0.5172764211092021
UD_Icelandic-IcePaHC	Icelandic	Indo-European	1655	62482	64137	0.02580413801705724	0.9741958619829427	0.4866441802899655	0.5133558197100345
UD_Icelandic-IcePaHC	Icelandic	Indo-European	1742	67970	69712	0.024988524213908653	0.9750114757860914	0.4892344204509257	0.5107655795490743
UD_Icelandic-Modern	Icelandic	Indo-European	524	8546	9070	0.0577728776185226	0.9422271223814774	0.47360884538698567	0.5263911546130143
UD_Icelandic-Modern	Icelandic	Indo-European	539	9502	10041	0.05367991235932676	0.9463200876406732	0.4699156892636033	0.5300843107363967
UD_Icelandic-Modern	Icelandic	Indo-European	557	10184	10741	0.05185736896005958	0.9481426310399405	0.4689299407459045	0.5310700592540955
UD_Icelandic-PUD	Icelandic	Indo-European	334	6484	6818	0.04898797301261367	0.9510120269873863	0.3709267110841914	0.6290732889158086
UD_Ika-ChibErgIS	Ika	unknown	216	840	1056	0.20454545454545456	0.7954545454545454	0.4073405535499398	0.5926594464500602
UD_Indonesian-CSUI	Indonesian	Austronesian	173	3456	3629	0.04767153485808763	0.9523284651419124	0.2436267899569768	0.7563732100430232
UD_Indonesian-CSUI	Indonesian	Austronesian	191	4474	4665	0.04094319399785638	0.9590568060021436	0.24435437174290678	0.7556456282570932
UD_Indonesian-GSD	Indonesian	Austronesian	227	4078	4305	0.05272938443670151	0.9472706155632985	0.2876384316073032	0.7123615683926968
UD_Indonesian-GSD	Indonesian	Austronesian	476	19808	20284	0.023466771839873793	0.9765332281601262	0.28447772806846916	0.7155222719315308
UD_Indonesian-GSD	Indonesian	Austronesian	492	21252	21744	0.02262693156732892	0.9773730684326711	0.2843577097121152	0.7156422902878848
UD_Indonesian-PUD	Indonesian	Austronesian	187	4885	5072	0.03686908517350158	0.9631309148264984	0.3193076693524321	0.6806923306475678
UD_Irish-Cadhan	Irish	Indo-European	299	1602	1901	0.15728563913729615	0.8427143608627038	0.44325971058644326	0.5567402894135567
UD_Irish-IDT	Irish	Indo-European	255	2925	3180	0.08018867924528301	0.9198113207547169	0.4169996367598983	0.5830003632401017
UD_Irish-IDT	Irish	Indo-European	478	14739	15217	0.03141223631464809	0.9685877636853519	0.40091442915415304	0.599085570845847
UD_Irish-IDT	Irish	Indo-European	498	15872	16370	0.030421502748930972	0.969578497251069	0.4021013102408093	0.5978986897591907
UD_Irish-TwittIrish	Irish	Indo-European	369	4455	4824	0.07649253731343283	0.9235074626865671	0.3394032657946482	0.6605967342053518
UD_Irish-TwittIrish	Irish	Indo-European	484	7745	8229	0.05881638109126261	0.9411836189087374	0.3377116893845518	0.6622883106154481
UD_Irish-TwittIrish	Irish	Indo-European	562	10408	10970	0.0512306289881495	0.9487693710118505	0.33781438527864244	0.6621856147213575
UD_Italian-ISDT	Italian	Indo-European	292	3651	3943	0.07405528785188942	0.9259447121481106	0.4757679832093112	0.5242320167906888
UD_Italian-ISDT	Italian	Indo-European	762	28413	29175	0.026118251928020565	0.9738817480719795	0.484846820049366	0.5151531799506339
UD_Italian-ISDT	Italian	Indo-European	770	28979	29749	0.02588322296547783	0.9741167770345222	0.4850618242411619	0.5149381757588382
UD_Italian-KIParlaForest	Italian	Indo-European	238	1468	1706	0.1395076201641266	0.8604923798358733	0.4646530969577588	0.5353469030422412
UD_Italian-MarkIT	Italian	Indo-European	332	3813	4145	0.08009650180940893	0.919903498190591	0.530876549385804	0.46912345061419597
UD_Italian-MarkIT	Italian	Indo-European	366	5025	5391	0.06789092932665554	0.9321090706733445	0.530070797751989	0.4699292022480111
UD_Italian-MarkIT	Italian	Indo-European	406	5988	6394	0.06349702846418517	0.9365029715358149	0.5294519052298285	0.4705480947701714
UD_Italian-Old	Italian	Indo-European	681	10941	11622	0.058595766649457925	0.9414042333505421	0.5132260540073864	0.48677394599261353
UD_Italian-Old	Italian	Indo-European	705	11716	12421	0.056758715079301185	0.9432412849206988	0.513272921108742	0.486727078891258
UD_Italian-Old	Italian	Indo-European	721	12500	13221	0.05453445276454126	0.9454655472354587	0.5126816456424217	0.4873183543575783
UD_Italian-PUD	Italian	Indo-European	352	6095	6447	0.054599038312393364	0.9454009616876067	0.4796009180757881	0.5203990819242119
UD_Italian-ParTUT	Italian	Indo-European	503	7693	8196	0.06137140068326013	0.9386285993167399	0.49592811646951773	0.5040718835304823
UD_Italian-ParTUT	Italian	Indo-European	514	7977	8491	0.06053468378282888	0.9394653162171711	0.49604500655640626	0.5039549934435937
UD_Italian-ParTUT	Italian	Indo-European	522	8365	8887	0.05873748171486441	0.9412625182851356	0.49536267302337694	0.5046373269766231
UD_Italian-ParlaMint	Italian	Indo-European	296	2032	2328	0.12714776632302405	0.872852233676976	0.5198041833555852	0.4801958166444148
UD_Italian-ParlaMint	Italian	Indo-European	360	3248	3608	0.09977827050997783	0.9002217294900222	0.5135756514123057	0.48642434858769434
UD_Italian-PoSTWITA	Italian	Indo-European	348	2961	3309	0.10516772438803264	0.8948322756119673	0.44056902002107484	0.5594309799789252
UD_Italian-PoSTWITA	Italian	Indo-European	795	13895	14690	0.05411844792375766	0.9458815520762424	0.44600071591053425	0.5539992840894657
UD_Italian-PoSTWITA	Italian	Indo-European	829	14921	15750	0.05263492063492063	0.9473650793650794	0.44529032792658424	0.5547096720734158
UD_Italian-TWITTIRO	Italian	Indo-European	189	902	1091	0.17323556370302476	0.8267644362969753	0.445916114790287	0.5540838852097131
UD_Italian-TWITTIRO	Italian	Indo-European	474	5249	5723	0.08282369386685305	0.9171763061331469	0.44957633344761716	0.5504236665523828
UD_Italian-TWITTIRO	Italian	Indo-European	495	5669	6164	0.08030499675535367	0.9196950032446464	0.45049526744442	0.54950473255558
UD_Italian-VIT	Italian	Indo-European	409	5397	5806	0.07044436789528075	0.9295556321047193	0.4860753976901286	0.5139246023098715
UD_Italian-VIT	Italian	Indo-European	462	7277	7739	0.05969763535340483	0.9403023646465951	0.49427165233728837	0.5057283476627116
UD_Italian-VIT	Italian	Indo-European	724	24552	25276	0.028643772748852665	0.9713562272511473	0.48088773309858585	0.5191122669014141
UD_Italian-Valico	Italian	Indo-European	288	1204	1492	0.19302949061662197	0.806970509383378	0.5275827482447342	0.4724172517552658
UD_Japanese-GSD	Japanese	Japanese	285	19919	20204	0.014106117600475154	0.9858938823995248	0.4292668554937292	0.5707331445062708
UD_Japanese-GSD	Japanese	Japanese	290	20664	20954	0.013839839648754414	0.9861601603512455	0.4307157774352344	0.5692842225647655
UD_Japanese-GSD	Japanese	Japanese	296	21446	21742	0.013614202925213871	0.9863857970747861	0.43056888997503795	0.569431110024962
UD_Japanese-GSDLUW	Japanese	Japanese	491	27467	27958	0.017562057371771942	0.982437942628228	0.5025094491604188	0.49749055083958116
UD_Japanese-GSDLUW	Japanese	Japanese	508	28942	29450	0.01724957555178268	0.9827504244482174	0.5026793958580662	0.4973206041419338
UD_Japanese-GSDLUW	Japanese	Japanese	517	30386	30903	0.016729767336504546	0.9832702326634954	0.5031757233592096	0.49682427664079043
UD_Japanese-PUD	Japanese	Japanese	133	5091	5224	0.025459418070444103	0.974540581929556	0.4647219257678169	0.5352780742321831
UD_Japanese-PUDLUW	Japanese	Japanese	225	5595	5820	0.03865979381443299	0.961340206185567	0.5263796240145543	0.4736203759854457
UD_Javanese-CSUI	Javanese	Austronesian	296	3752	4048	0.07312252964426877	0.9268774703557312	0.2881602602516908	0.7118397397483093
UD_Kaapor-TuDeT	Kaapor	Tupian	30	185	215	0.13953488372093023	0.8604651162790697	0.26625386996904027	0.7337461300309598
UD_Kangri-KDTB	Kangri	Indo-European	175	894	1069	0.1637043966323667	0.8362956033676333	0.40823084200567644	0.5917691579943235
UD_Karelian-KKPP	Karelian	Uralic	184	1288	1472	0.125	0.875	0.26687847498014294	0.7331215250198571
UD_Karo-TuDeT	Karo	Hokan	111	627	738	0.15040650406504066	0.8495934959349594	0.28777335984095426	0.7122266401590457
UD_Kazakh-KTB	Kazakh	Altaic	389	4057	4446	0.08749437696806119	0.9125056230319388	0.17549879273096963	0.8245012072690304
UD_Kazakh-KTB	Kazakh	Altaic	398	4245	4643	0.08572043937109627	0.9142795606289037	0.17553191489361702	0.824468085106383
UD_Khoekhoe-KDT	Khoekhoe	unknown	125	451	576	0.2170138888888889	0.7829861111111112	0.5230589608873322	0.47694103911266783
UD_Khoekhoe-KDT	Khoekhoe	unknown	261	2118	2379	0.10970996216897856	0.8902900378310215	0.5129485756566777	0.4870514243433222
UD_Khoekhoe-KDT	Khoekhoe	unknown	315	3534	3849	0.0818394388152767	0.9181605611847233	0.5242810188989317	0.4757189811010682
UD_Khunsari-AHA	Khunsari	Indo-European	13	46	59	0.22033898305084745	0.7796610169491526	0.25	0.75
UD_Kiche-IU	Kiche	Mayan	80	2288	2368	0.033783783783783786	0.9662162162162162	0.3360458911419424	0.6639541088580576
UD_Komi_Permyak-UH	Komi_Permyak	Uralic	88	416	504	0.1746031746031746	0.8253968253968254	0.24960998439937598	0.750390015600624
UD_Komi_Permyak-UH	Komi_Permyak	Uralic	107	492	599	0.17863105175292154	0.8213689482470785	0.27163461538461536	0.7283653846153846
UD_Komi_Zyrian-IKDP	Komi_Zyrian	Uralic	156	901	1057	0.14758751182592242	0.8524124881740776	0.2738443534230544	0.7261556465769455
UD_Komi_Zyrian-Lattice	Komi_Zyrian	Uralic	33	72	105	0.3142857142857143	0.6857142857142857	0.36585365853658536	0.6341463414634146
UD_Komi_Zyrian-Lattice	Komi_Zyrian	Uralic	365	3358	3723	0.09803921568627451	0.9019607843137255	0.2479160234640321	0.7520839765359679
UD_Korean-GSD	Korean	Korean	144	6934	7078	0.020344730149759818	0.9796552698502402	0.049906302396686066	0.950093697603314
UD_Korean-GSD	Korean	Korean	364	31050	31414	0.01158719042465143	0.9884128095753486	0.04930896572672505	0.950691034273275
UD_Korean-GSD	Korean	Korean	397	35335	35732	0.01111048919735811	0.9888895108026419	0.04879871249568916	0.9512012875043109
UD_Korean-KSL	Korean	Korean	888	23452	24340	0.03648315529991783	0.9635168447000821	0.13697310152534034	0.8630268984746596
UD_Korean-KSL	Korean	Korean	939	25484	26423	0.03553722136017863	0.9644627786398213	0.13715214706096054	0.8628478529390394
UD_Korean-KSL	Korean	Korean	976	27012	27988	0.03487208803773045	0.9651279119622695	0.13707745097220714	0.8629225490277929
UD_Korean-Kaist	Korean	Korean	13201	73256	86457	0.152688619776305	0.847311380223695	0.19075604646733954	0.8092439535326604
UD_Korean-Kaist	Korean	Korean	14108	78278	92386	0.1527071201264261	0.8472928798735739	0.19011321443361198	0.809886785566388
UD_Korean-Kaist	Korean	Korean	15037	83697	98734	0.15229809386837362	0.8477019061316264	0.18928301789390137	0.8107169821060987
UD_Korean-LittlePrince	Korean	Korean	883	3788	4671	0.18903874973239135	0.8109612502676087	0.4510598082894559	0.5489401917105441
UD_Korean-PUD	Korean	Korean	290	7917	8207	0.0353356890459364	0.9646643109540636	0.11241703539823009	0.8875829646017699
UD_Kyrgyz-KTMU	Kyrgyz	Turkic	35	4251	4286	0.008166122258516099	0.9918338777414839	0.0335538752362949	0.9664461247637051
UD_Kyrgyz-KTMU	Kyrgyz	Turkic	124	6823	6947	0.0178494314092414	0.9821505685907586	0.04142382351524493	0.958576176484755
UD_Kyrgyz-TueCL	Kyrgyz	Turkic	93	394	487	0.19096509240246407	0.8090349075975359	0.21169354838709678	0.7883064516129032
UD_Latgalian-Cairo	Latgalian	Indo-European	32	81	113	0.2831858407079646	0.7168141592920354	0.34074074074074073	0.6592592592592592
UD_Latin-CIRCSE	Latin	Indo-European	326	5671	5997	0.0543605135901284	0.9456394864098716	0.23364638628011433	0.7663536137198856
UD_Latin-CIRCSE	Latin	Indo-European	399	8726	9125	0.043726027397260274	0.9562739726027397	0.23445450625269512	0.7655454937473049
UD_Latin-CIRCSE	Latin	Indo-European	403	9034	9437	0.04270424923174738	0.9572957507682526	0.2350390640978443	0.7649609359021556
UD_Latin-ITTB	Latin	Indo-European	344	2918	3262	0.10545677498467199	0.894543225015328	0.454499790707409	0.545500209292591
UD_Latin-ITTB	Latin	Indo-European	424	4989	5413	0.0783299464252725	0.9216700535747275	0.45962758764173517	0.5403724123582648
UD_Latin-ITTB	Latin	Indo-European	657	19107	19764	0.033242258652094715	0.9667577413479053	0.43099169713964003	0.56900830286036
UD_Latin-LLCT	Latin	Indo-European	262	1581	1843	0.14215952251763428	0.8578404774823657	0.4122526193247963	0.5877473806752037
UD_Latin-LLCT	Latin	Indo-European	633	8357	8990	0.07041156840934372	0.9295884315906563	0.40219061948907114	0.5978093805109288
UD_Latin-LLCT	Latin	Indo-European	640	8809	9449	0.06773203513599323	0.9322679648640068	0.4023427453986986	0.5976572546013014
UD_Latin-PROIEL	Latin	Indo-European	700	27330	28030	0.024973242953977882	0.9750267570460222	0.38540903609705524	0.6145909639029448
UD_Latin-PROIEL	Latin	Indo-European	702	28729	29431	0.023852400530053344	0.9761475994699467	0.38489890315271813	0.6151010968472819
UD_Latin-PROIEL	Latin	Indo-European	710	29953	30663	0.02315494243876985	0.9768450575612302	0.3853589210709471	0.614641078929053
UD_Latin-Perseus	Latin	Indo-European	491	6459	6950	0.07064748201438849	0.9293525179856115	0.30828591982211756	0.6917140801778824
UD_Latin-Perseus	Latin	Indo-European	599	9924	10523	0.0569229307231778	0.9430770692768222	0.30013203498927216	0.6998679650107278
UD_Latin-UDante	Latin	Indo-European	536	6518	7054	0.07598525659200453	0.9240147434079955	0.4085294709314021	0.5914705290685979
UD_Latin-UDante	Latin	Indo-European	615	9372	9987	0.06158005407029138	0.9384199459297087	0.39960945469382997	0.6003905453061701
UD_Latin-UDante	Latin	Indo-European	676	11653	12329	0.05483007543190851	0.9451699245680915	0.4065239642205509	0.5934760357794491
UD_Latvian-Cairo	Latvian	Indo-European	31	79	110	0.2818181818181818	0.7181818181818181	0.3458646616541353	0.6541353383458647
UD_Latvian-LVTB	Latvian	Indo-European	712	48934	49646	0.014341538089674899	0.9856584619103251	0.2664905362015601	0.7335094637984398
UD_Latvian-LVTB	Latvian	Indo-European	733	53292	54025	0.013567792688570106	0.9864322073114299	0.26576806779949746	0.7342319322005025
UD_Latvian-LVTB	Latvian	Indo-European	755	57831	58586	0.012887037858874134	0.9871129621411259	0.26590297567012183	0.7340970243298782
UD_Ligurian-GLT	Ligurian	Indo-European	45	73	118	0.3813559322033898	0.6186440677966102	0.5531914893617021	0.44680851063829785
UD_Ligurian-GLT	Ligurian	Indo-European	238	1452	1690	0.1408284023668639	0.8591715976331361	0.5667447306791569	0.4332552693208431
UD_Lithuanian-ALKSNIS	Lithuanian	Indo-European	275	4243	4518	0.06086764054891545	0.9391323594510845	0.20522346054260948	0.7947765394573906
UD_Lithuanian-ALKSNIS	Lithuanian	Indo-European	417	8056	8473	0.04921515401864747	0.9507848459813525	0.22476957181192392	0.7752304281880761
UD_Lithuanian-ALKSNIS	Lithuanian	Indo-European	584	18315	18899	0.030901105878617916	0.9690988941213821	0.21720111214087118	0.7827988878591289
UD_Lithuanian-HSE	Lithuanian	Indo-European	184	1318	1502	0.12250332889480692	0.877496671105193	0.30445544554455445	0.6955445544554455
UD_Lithuanian-HSE	Lithuanian	Indo-European	216	1730	1946	0.11099691675231244	0.8890030832476875	0.30378973105134477	0.6962102689486552
UD_Lithuanian-HSE	Lithuanian	Indo-European	241	2168	2409	0.10004151100041511	0.8999584889995849	0.28942213516160625	0.7105778648383937
UD_Livvi-KKPP	Livvi	Uralic	80	628	708	0.11299435028248588	0.8870056497175142	0.19826839826839826	0.8017316017316017
UD_Livvi-KKPP	Livvi	Uralic	102	693	795	0.12830188679245283	0.8716981132075472	0.21462264150943397	0.785377358490566
UD_Low_Saxon-LSDC	Low_Saxon	Indo-European	439	2632	3071	0.1429501790947574	0.8570498209052426	0.48580199539524177	0.5141980046047583
UD_Low_Saxon-LSDC	Low_Saxon	Indo-European	620	4481	5101	0.12154479513820819	0.8784552048617918	0.4886010917264262	0.5113989082735738
UD_Luxembourgish-LuxBank	Luxembourgish	Indo-European	56	68	124	0.45161290322580644	0.5483870967741935	0.5470588235294118	0.45294117647058824
UD_Macedonian-MTB	Macedonian	Indo-European	130	457	587	0.22146507666098808	0.778534923339012	0.4409820585457979	0.559017941454202
UD_Madi-Jarawara	Madi	Arawan	24	40	64	0.375	0.625	0.5056179775280899	0.4943820224719101
UD_Maghrebi_Arabic_French-Arabizi	Maghrebi_Arabic_French	NA	256	1065	1321	0.19379258137774413	0.8062074186222559	0.3745897796530708	0.6254102203469292
UD_Maghrebi_Arabic_French-Arabizi	Maghrebi_Arabic_French	NA	861	6221	7082	0.12157582603784242	0.8784241739621576	0.3717948717948718	0.6282051282051282
UD_Maghrebi_Arabic_French-Arabizi	Maghrebi_Arabic_French	NA	918	6840	7758	0.11832946635730858	0.8816705336426914	0.3699379788398395	0.6300620211601605
UD_Makurap-TuDeT	Makurap	Tupian	12	79	91	0.13186813186813187	0.8681318681318682	0.19745222929936307	0.802547770700637
UD_Malayalam-UFAL	Malayalam	Dravidian	110	1433	1543	0.0712896953985742	0.9287103046014258	0.19358024691358025	0.8064197530864198
UD_Maltese-MUDT	Maltese	Afro-Asiatic	387	2728	3115	0.12423756019261638	0.8757624398073837	0.45431971029487844	0.5456802897051216
UD_Maltese-MUDT	Maltese	Afro-Asiatic	540	6431	6971	0.07746377851097404	0.9225362214890259	0.44588122605363983	0.5541187739463601
UD_Maltese-MUDT	Maltese	Afro-Asiatic	582	7769	8351	0.0696922524248593	0.9303077475751407	0.44705299911407576	0.5529470008859242
UD_Manx-Cadhan	Manx	Indo-European	124	1832	1956	0.06339468302658487	0.9366053169734151	0.49536929844871497	0.504630701551285
UD_Manx-Cadhan	Manx	Indo-European	157	2935	3092	0.050776196636481245	0.9492238033635187	0.48808973172987974	0.5119102682701202
UD_Marathi-UFAL	Marathi	Indo-European	123	801	924	0.1331168831168831	0.8668831168831169	0.35066555740432614	0.6493344425956739
UD_Marathi-UFAL	Marathi	Indo-European	134	912	1046	0.12810707456978968	0.8718929254302104	0.34974471188913203	0.650255288110868
UD_Marathi-UFAL	Marathi	Indo-European	142	983	1125	0.12622222222222224	0.8737777777777778	0.3523434939364143	0.6476565060635857
UD_Mbya_Guarani-Dooley	Mbya_Guarani	Tupian	28	69	97	0.28865979381443296	0.711340206185567	0.43753351206434316	0.5624664879356568
UD_Mbya_Guarani-Thomas	Mbya_Guarani	Tupian	79	295	374	0.21122994652406418	0.7887700534759359	0.4074492099322799	0.59255079006772
UD_Middle_French-ALTM	Middle_French	Indo-European	212	1012	1224	0.17320261437908496	0.826797385620915	0.5476856166511339	0.4523143833488661
UD_Middle_French-PROFITEROLE	Middle_French	Indo-European	341	2287	2628	0.1297564687975647	0.8702435312024354	0.5186487812857844	0.4813512187142156
UD_Middle_French-PROFITEROLE	Middle_French	Indo-European	394	3130	3524	0.11180476730987514	0.8881952326901249	0.5155161818926669	0.48448381810733304
UD_Middle_French-PROFITEROLE	Middle_French	Indo-European	610	7448	8058	0.0757011665425664	0.9242988334574336	0.5115113092456715	0.4884886907543286
UD_Moksha-JR	Moksha	Uralic	223	1992	2215	0.10067720090293454	0.8993227990970655	0.20048528965726417	0.7995147103427358
UD_Moksha-JR	Moksha	Uralic	232	2074	2306	0.10060711188204684	0.8993928881179531	0.20684695051783658	0.7931530494821634
UD_Munduruku-TuDeT	Munduruku	Tupian	54	338	392	0.1377551020408163	0.8622448979591837	0.2529691211401425	0.7470308788598575
UD_Naga-Suansu	Naga	unknown	27	79	106	0.25471698113207547	0.7452830188679245	0.37037037037037035	0.6296296296296297
UD_Naga-Suansu	Naga	unknown	158	1072	1230	0.12845528455284552	0.8715447154471545	0.27723880597014927	0.7227611940298507
UD_Naija-NSC	Naija	NA	140	1130	1270	0.11023622047244094	0.889763779527559	0.5096281202241467	0.4903718797758533
UD_Naija-NSC	Naija	NA	175	1635	1810	0.09668508287292818	0.9033149171270718	0.5114434852439269	0.4885565147560731
UD_Naija-NSC	Naija	NA	273	4520	4793	0.05695806384310453	0.9430419361568955	0.5159635579384435	0.48403644206155644
UD_Nayini-AHA	Nayini	Indo-European	13	44	57	0.22807017543859648	0.7719298245614035	0.29411764705882354	0.7058823529411765
UD_Neapolitan-RB	Neapolitan	Indo-European	47	79	126	0.373015873015873	0.626984126984127	0.4858757062146893	0.5141242937853108
UD_Nenets-Tundra	Nenets	unknown	65	476	541	0.12014787430683918	0.8798521256931608	0.1284313725490196	0.8715686274509804
UD_Nheengatu-CompLin	Nheengatu	Tupian	144	1504	1648	0.08737864077669903	0.912621359223301	0.4045759693108645	0.5954240306891355
UD_Nheengatu-CompLin	Nheengatu	Tupian	223	3000	3223	0.06919019547005895	0.930809804529941	0.39597243736979865	0.6040275626302014
UD_North_Sami-Giella	North_Sami	Uralic	533	5095	5628	0.0947050461975835	0.9052949538024165	0.3037187093040081	0.6962812906959919
UD_North_Sami-Giella	North_Sami	Uralic	668	7678	8346	0.08003834172058472	0.9199616582794153	0.3068116006593309	0.6931883993406691
UD_Northern_Kurdish-Kurmanji	Northern_Kurdish	unknown	41	122	163	0.25153374233128833	0.7484662576687117	0.36893203883495146	0.6310679611650486
UD_Northern_Kurdish-Kurmanji	Northern_Kurdish	unknown	217	2697	2914	0.07446808510638298	0.925531914893617	0.4323798627002288	0.5676201372997711
UD_Northwest_Gbaya-Autogramm	Northwest_Gbaya	Niger-Congo	97	457	554	0.17509025270758122	0.8249097472924187	0.4053522235340417	0.5946477764659582
UD_Norwegian-Bokmaal	Norwegian	Indo-European	313	7647	7960	0.039321608040201	0.960678391959799	0.4248747913188648	0.5751252086811353
UD_Norwegian-Bokmaal	Norwegian	Indo-European	355	11670	12025	0.029521829521829523	0.9704781704781705	0.4258284789074462	0.5741715210925538
UD_Norwegian-Bokmaal	Norwegian	Indo-European	503	34559	35062	0.014346015629456392	0.9856539843705436	0.425368776021552	0.574631223978448
UD_Norwegian-Nynorsk	Norwegian	Indo-European	276	5710	5986	0.04610758436351487	0.9538924156364851	0.4207711269243291	0.579228873075671
UD_Norwegian-Nynorsk	Norwegian	Indo-European	331	10249	10580	0.03128544423440454	0.9687145557655955	0.4321937498707369	0.5678062501292631
UD_Norwegian-Nynorsk	Norwegian	Indo-European	501	32970	33471	0.014968181410773506	0.9850318185892265	0.4272895182391873	0.5727104817608126
UD_Occitan-TTB	Occitan	unknown	122	577	699	0.17453505007153075	0.8254649499284692	0.47432950191570883	0.5256704980842912
UD_Occitan-TTB	Occitan	unknown	410	3967	4377	0.09367146447338359	0.9063285355266164	0.48732736378813174	0.5126726362118683
UD_Occitan-TTB	Occitan	unknown	533	5716	6249	0.08529364698351737	0.9147063530164826	0.4859744320794629	0.5140255679205371
UD_Odia-ODTB	Odia	unknown	77	602	679	0.1134020618556701	0.8865979381443299	0.17579908675799086	0.8242009132420092
UD_Old_Church_Slavonic-PROIEL	Old_Church_Slavonic	Indo-European	869	6436	7305	0.1189596167008898	0.8810403832991102	0.3861146228402866	0.6138853771597135
UD_Old_Church_Slavonic-PROIEL	Old_Church_Slavonic	Indo-European	1269	12047	13316	0.09529888855512166	0.9047011114448783	0.38489254593309996	0.6151074540669
UD_Old_Church_Slavonic-PROIEL	Old_Church_Slavonic	Indo-European	2697	42903	45600	0.059144736842105264	0.9408552631578947	0.38235146199418624	0.6176485380058138
UD_Old_East_Slavic-Birchbark	Old_East_Slavic	Indo-European	650	3726	4376	0.14853747714808044	0.8514625228519196	0.3920952754875016	0.6079047245124983
UD_Old_East_Slavic-Birchbark	Old_East_Slavic	Indo-European	1032	6994	8026	0.1285821081485173	0.8714178918514827	0.39371181262729127	0.6062881873727087
UD_Old_East_Slavic-Birchbark	Old_East_Slavic	Indo-European	1344	9464	10808	0.12435233160621761	0.8756476683937824	0.38614047451256756	0.6138595254874325
UD_Old_East_Slavic-RNC	Old_East_Slavic	Indo-European	1645	21715	23360	0.0704195205479452	0.9295804794520548	0.3864286312565063	0.6135713687434937
UD_Old_East_Slavic-RNC	Old_East_Slavic	Indo-European	1791	25639	27430	0.06529347429821364	0.9347065257017864	0.392545792009599	0.6074542079904011
UD_Old_East_Slavic-RNC	Old_East_Slavic	Indo-European	1908	30388	32296	0.05907852365618033	0.9409214763438196	0.3876108100348132	0.6123891899651868
UD_Old_East_Slavic-Ruthenian	Old_East_Slavic	Indo-European	388	2864	3252	0.11931119311193111	0.8806888068880688	0.396057136111439	0.603942863888561
UD_Old_East_Slavic-Ruthenian	Old_East_Slavic	Indo-European	739	5152	5891	0.12544559497538618	0.8745544050246138	0.42590264056044547	0.5740973594395545
UD_Old_East_Slavic-Ruthenian	Old_East_Slavic	Indo-European	2123	24192	26315	0.08067642029260878	0.9193235797073912	0.4334820944603043	0.5665179055396957
UD_Old_East_Slavic-TOROT	Old_East_Slavic	Indo-European	902	9664	10566	0.08536816202915011	0.9146318379708499	0.36890626681493704	0.631093733185063
UD_Old_East_Slavic-TOROT	Old_East_Slavic	Indo-European	2204	47185	49389	0.04462532142784831	0.9553746785721517	0.3745090615491988	0.6254909384508013
UD_Old_East_Slavic-TOROT	Old_East_Slavic	Indo-European	2356	52159	54515	0.04321746308355499	0.956782536916445	0.37508051676571746	0.6249194832342825
UD_Old_English-Cairo	Old_English	unknown	49	68	117	0.4188034188034188	0.5811965811965812	0.47586206896551725	0.5241379310344828
UD_Old_French-ALTM	Old_French	Indo-European	251	1333	1584	0.15845959595959597	0.8415404040404041	0.5668675563208495	0.43313244367915055
UD_Old_French-PROFITEROLE	Old_French	Indo-European	1563	16986	18549	0.08426330260391396	0.9157366973960861	0.4794881514269644	0.5205118485730357
UD_Old_French-PROFITEROLE	Old_French	Indo-European	1629	18316	19945	0.08167460516420155	0.9183253948357984	0.47788203753351205	0.5221179624664879
UD_Old_French-PROFITEROLE	Old_French	Indo-European	1700	19559	21259	0.07996613199115668	0.9200338680088433	0.47676976144797784	0.5232302385520222
UD_Old_Irish-DipSGG	Old_Irish	Indo-European	65	200	265	0.24528301886792453	0.7547169811320755	0.36666666666666664	0.6333333333333333
UD_Old_Irish-DipWBG	Old_Irish	Indo-European	88	145	233	0.3776824034334764	0.6223175965665236	0.5089974293059126	0.4910025706940874
UD_Old_Occitan-CorAG	Old_Occitan	unknown	221	928	1149	0.19234116623150566	0.8076588337684943	0.5226993865030675	0.47730061349693254
UD_Old_Occitan-CorAG	Old_Occitan	unknown	408	2564	2972	0.13728129205921938	0.8627187079407806	0.5227125767862916	0.4772874232137084
UD_Old_Occitan-CorAG	Old_Occitan	unknown	669	5447	6116	0.10938521909744932	0.8906147809025506	0.5244240977937954	0.47557590220620466
UD_Old_Turkish-Clausal	Old_Turkish	Altaic	25	51	76	0.32894736842105265	0.6710526315789473	0.4144144144144144	0.5855855855855856
UD_Ottoman_Turkish-BOUN	Ottoman_Turkish	Altaic	83	1209	1292	0.06424148606811146	0.9357585139318886	0.1850975753991721	0.814902424600828
UD_Ottoman_Turkish-BOUN	Ottoman_Turkish	Altaic	200	4310	4510	0.04434589800443459	0.9556541019955654	0.18229994700582935	0.8177000529941706
UD_Ottoman_Turkish-DUDU	Ottoman_Turkish	Altaic	29	79	108	0.26851851851851855	0.7314814814814815	0.31451612903225806	0.6854838709677419
UD_Ottoman_Turkish-DUDU	Ottoman_Turkish	Altaic	278	7121	7399	0.03757264495202054	0.9624273550479795	0.21513826518553533	0.7848617348144646
UD_Pashto-Sikaram	Pashto	Indo-European	108	928	1036	0.10424710424710425	0.8957528957528957	0.4153756211634025	0.5846243788365975
UD_Paumari-TueCL	Paumari	Arawan	49	227	276	0.17753623188405798	0.822463768115942	0.32989690721649484	0.6701030927835051
UD_Persian-PerDT	Persian	Indo-European	183	6372	6555	0.027917620137299773	0.9720823798627002	0.3451714246687611	0.654828575331239
UD_Persian-PerDT	Persian	Indo-European	430	32551	32981	0.01303780964797914	0.9869621903520208	0.35046662244578336	0.6495333775542167
UD_Persian-PerDT	Persian	Indo-European	437	33446	33883	0.012897323141398341	0.9871026768586016	0.35061686791280255	0.6493831320871974
UD_Persian-Seraji	Persian	Indo-European	184	3711	3895	0.0472400513478819	0.9527599486521181	0.3140002775079784	0.6859997224920217
UD_Persian-Seraji	Persian	Indo-European	243	5837	6080	0.039967105263157894	0.9600328947368421	0.3150325425152215	0.6849674574847785
UD_Persian-Seraji	Persian	Indo-European	455	14761	15216	0.02990273396424816	0.9700972660357519	0.33211371702462406	0.667886282975376
UD_Pesh-ChibErgIS	Pesh	Chibchan	101	873	974	0.10369609856262833	0.8963039014373717	0.3534361851332398	0.6465638148667602
UD_Phrygian-KUL	Phrygian	Indo-European	158	445	603	0.2620232172470978	0.7379767827529021	0.4213886671987231	0.578611332801277
UD_Polish-LFG	Polish	Indo-European	373	5149	5522	0.06754798985874683	0.9324520101412531	0.33135020671574067	0.6686497932842593
UD_Polish-LFG	Polish	Indo-European	705	29931	30636	0.023012142577359968	0.97698785742264	0.3289286554160741	0.6710713445839259
UD_Polish-LFG	Polish	Indo-European	720	32205	32925	0.021867881548974944	0.9781321184510251	0.3294814576008221	0.670518542399178
UD_Polish-MPDT	Polish	Indo-European	240	1638	1878	0.12779552715654952	0.8722044728434505	0.37030774433547514	0.6296922556645248
UD_Polish-MPDT	Polish	Indo-European	612	11681	12293	0.049784430163507684	0.9502155698364924	0.3655797224390078	0.6344202775609922
UD_Polish-MPDT	Polish	Indo-European	661	14042	14703	0.04495681153506087	0.9550431884649391	0.36612795512221186	0.6338720448777881
UD_Polish-PDB	Polish	Indo-European	490	12033	12523	0.03912800447177194	0.9608719955282281	0.318219106570214	0.681780893429786
UD_Polish-PDB	Polish	Indo-European	887	60718	61605	0.014398181965749534	0.9856018180342505	0.3206445706495246	0.6793554293504754
UD_Polish-PDB	Polish	Indo-European	908	65057	65965	0.013764875312665808	0.9862351246873342	0.32037684253365556	0.6796231574663444
UD_Polish-PUD	Polish	Indo-European	321	7467	7788	0.04121725731895223	0.9587827426810478	0.30032808398950134	0.6996719160104987
UD_Pomak-Philotis	Pomak	Indo-European	337	2442	2779	0.12126664267722202	0.878733357322778	0.47684414864115365	0.5231558513588463
UD_Pomak-Philotis	Pomak	Indo-European	514	5189	5703	0.09012800280554094	0.9098719971944591	0.4793846153846154	0.5206153846153846
UD_Pomak-Philotis	Pomak	Indo-European	579	6356	6935	0.08348954578226388	0.9165104542177361	0.48099260823653645	0.5190073917634636
UD_Portuguese-Bosque	Portuguese	Indo-European	314	6712	7026	0.04469114716766297	0.955308852832337	0.47086383601756954	0.5291361639824305
UD_Portuguese-Bosque	Portuguese	Indo-European	367	11270	11637	0.03153733780183896	0.968462662198161	0.4687474197010982	0.5312525802989019
UD_Portuguese-Bosque	Portuguese	Indo-European	510	27962	28472	0.017912334925540882	0.9820876650744591	0.4656048436168918	0.5343951563831082
UD_Portuguese-CINTIL	Portuguese	Indo-European	381	12352	12733	0.02992224927354119	0.9700777507264589	0.4692753744107463	0.5307246255892537
UD_Portuguese-CINTIL	Portuguese	Indo-European	464	36372	36836	0.012596373113258768	0.9874036268867412	0.4489437751864872	0.5510562248135128
UD_Portuguese-CINTIL	Portuguese	Indo-European	467	38793	39260	0.011895058583800305	0.9881049414161996	0.4483167886909429	0.5516832113090572
UD_Portuguese-DANTEStocks	Portuguese	Indo-European	378	8504	8882	0.0425579824363882	0.9574420175636118	0.33258644834643974	0.6674135516535603
UD_Portuguese-DANTEStocks	Portuguese	Indo-European	400	9266	9666	0.04138216428719222	0.9586178357128078	0.3321313658049484	0.6678686341950516
UD_Portuguese-DANTEStocks	Portuguese	Indo-European	409	9972	10381	0.039398901839899816	0.9606010981601002	0.3332955042881925	0.6667044957118076
UD_Portuguese-GSD	Portuguese	Indo-European	351	7610	7961	0.044089938449943473	0.9559100615500565	0.45870105543748424	0.5412989445625157
UD_Portuguese-GSD	Portuguese	Indo-European	682	31439	32121	0.0212322156844432	0.9787677843155568	0.45473198772912155	0.5452680122708784
UD_Portuguese-GSD	Portuguese	Indo-European	711	33472	34183	0.020799812772430742	0.9792001872275693	0.45446453872367015	0.5455354612763298
UD_Portuguese-PUD	Portuguese	Indo-European	323	5988	6311	0.05118047852955158	0.9488195214704485	0.47646295138721934	0.5235370486127807
UD_Portuguese-PetroGold	Portuguese	Indo-European	344	14522	14866	0.02314005112336876	0.9768599488766312	0.44885977098232915	0.5511402290176708
UD_Portuguese-PetroGold	Portuguese	Indo-European	354	15491	15845	0.02234143262858946	0.9776585673714105	0.4516157904419991	0.5483842095580009
UD_Portuguese-PetroGold	Portuguese	Indo-European	363	16503	16866	0.02152258982568481	0.9784774101743152	0.4522082011770418	0.5477917988229583
UD_Portuguese-Porttinari	Portuguese	Indo-European	308	7467	7775	0.039614147909967846	0.9603858520900321	0.46486561182892283	0.5351343881710772
UD_Portuguese-Porttinari	Portuguese	Indo-European	405	19061	19466	0.020805507037912258	0.9791944929620877	0.4640143253977364	0.5359856746022637
UD_Portuguese-Porttinari	Portuguese	Indo-European	412	20195	20607	0.019993206192070654	0.9800067938079293	0.46393467517049064	0.5360653248295094
UD_Romanian-ArT	Romanian	Indo-European	88	231	319	0.27586206896551724	0.7241379310344828	0.3870967741935484	0.6129032258064516
UD_Romanian-MolDoRo	Romanian	Indo-European	24	95	119	0.20168067226890757	0.7983193277310925	0.27586206896551724	0.7241379310344828
UD_Romanian-Nonstandard	Romanian	Indo-European	559	3788	4347	0.12859443294225903	0.871405567057741	0.47573646951358756	0.5242635304864124
UD_Romanian-Nonstandard	Romanian	Indo-European	1853	33755	35608	0.05203886767018648	0.9479611323298135	0.4861480867031187	0.5138519132968813
UD_Romanian-Nonstandard	Romanian	Indo-European	1870	34371	36241	0.05159901768714991	0.9484009823128501	0.4862927504627208	0.5137072495372792
UD_Romanian-RRT	Romanian	Indo-European	356	5825	6181	0.05759585827535997	0.94240414172464	0.38629132660118964	0.6137086733988103
UD_Romanian-RRT	Romanian	Indo-European	442	9613	10055	0.04395822973644953	0.9560417702635505	0.3855740714588335	0.6144259285411665
UD_Romanian-RRT	Romanian	Indo-European	659	33533	34192	0.01927351427234441	0.9807264857276556	0.3913746717921899	0.6086253282078101
UD_Romanian-SiMoNERo	Romanian	Indo-European	176	3729	3905	0.04507042253521127	0.9549295774647887	0.3375750300120048	0.6624249699879952
UD_Romanian-SiMoNERo	Romanian	Indo-European	353	17262	17615	0.020039738858927052	0.9799602611410729	0.3466978595245778	0.6533021404754222
UD_Romanian-SiMoNERo	Romanian	Indo-European	356	18276	18632	0.019106912838127953	0.9808930871618721	0.3449219002129994	0.6550780997870006
UD_Romanian-TueCL	Romanian	Indo-European	259	1362	1621	0.1597779148673658	0.8402220851326342	0.43948689347462355	0.5605131065253764
UD_Russian-GSD	Russian	Indo-European	232	5291	5523	0.04200615607459714	0.9579938439254029	0.24327941996653654	0.7567205800334634
UD_Russian-GSD	Russian	Indo-European	437	27202	27639	0.015810991714606173	0.9841890082853938	0.24153140437544107	0.7584685956245589
UD_Russian-GSD	Russian	Indo-European	451	29935	30386	0.014842361613901138	0.9851576383860988	0.24048761509531838	0.7595123849046816
UD_Russian-PUD	Russian	Indo-European	311	7546	7857	0.03958253786432481	0.9604174621356752	0.29178913138640483	0.7082108686135952
UD_Russian-Poetry	Russian	Indo-European	343	4034	4377	0.07836417637651359	0.9216358236234864	0.32620671563483733	0.6737932843651626
UD_Russian-Poetry	Russian	Indo-European	616	16982	17598	0.035003977724741446	0.9649960222752586	0.3023903117904143	0.6976096882095857
UD_Russian-Poetry	Russian	Indo-European	660	19366	20026	0.03295715569759313	0.9670428443024068	0.3051302158570308	0.6948697841429692
UD_Russian-SynTagRus	Russian	Indo-European	769	35426	36195	0.021246028456969195	0.9787539715430308	0.3046973970913636	0.6953026029086364
UD_Russian-SynTagRus	Russian	Indo-European	909	57471	58380	0.015570400822199383	0.9844295991778006	0.30777937633971697	0.692220623660283
UD_Russian-SynTagRus	Russian	Indo-European	1208	151284	152492	0.007921727041418566	0.9920782729585814	0.30459680468497	0.69540319531503
UD_Russian-Taiga	Russian	Indo-European	428	5757	6185	0.06919967663702506	0.9308003233629749	0.29449725298683177	0.7055027470131682
UD_Russian-Taiga	Russian	Indo-European	529	10785	11314	0.04675623121796005	0.95324376878204	0.30204339582894457	0.6979566041710554
UD_Russian-Taiga	Russian	Indo-European	1464	163412	164876	0.008879400276571484	0.9911205997234285	0.307366513580855	0.692633486419145
UD_Sanskrit-UFAL	Sanskrit	Indo-European	113	949	1062	0.1064030131826742	0.8935969868173258	0.19453076444996892	0.805469235550031
UD_Sanskrit-Vedic	Sanskrit	Indo-European	338	7184	7522	0.044934857750598245	0.9550651422494018	0.2072939775986148	0.7927060224013852
UD_Sanskrit-Vedic	Sanskrit	Indo-European	707	32978	33685	0.020988570580377022	0.9790114294196229	0.19983905088796355	0.8001609491120364
UD_Sanskrit-Vedic	Sanskrit	Indo-European	730	35354	36084	0.020230573107194325	0.9797694268928057	0.20263998618486379	0.7973600138151362
UD_Scottish_Gaelic-ARCOSG	Scottish_Gaelic	Indo-European	188	2053	2241	0.08389112003569835	0.9161088799643017	0.4356492027334852	0.5643507972665148
UD_Scottish_Gaelic-ARCOSG	Scottish_Gaelic	Indo-European	315	7169	7484	0.042089791555318015	0.957910208444682	0.44883612872281425	0.5511638712771857
UD_Scottish_Gaelic-ARCOSG	Scottish_Gaelic	Indo-European	332	7769	8101	0.040982594741389954	0.95901740525861	0.44748113670419437	0.5525188632958057
UD_Serbian-SET	Serbian	Indo-European	504	15983	16487	0.030569539637289984	0.96943046036271	0.3388357679010808	0.6611642320989193
UD_Serbian-SET	Serbian	Indo-European	519	17663	18182	0.028544714552854473	0.9714552854471455	0.33916276323030053	0.6608372367696995
UD_Serbian-SET	Serbian	Indo-European	533	19093	19626	0.027157851829206155	0.9728421481707938	0.3377907803098498	0.6622092196901502
UD_Shanghainese-ShUD	Shanghainese	unknown	69	257	326	0.2116564417177914	0.7883435582822086	0.36006546644844517	0.6399345335515548
UD_Shanghainese-ShUD	Shanghainese	unknown	94	424	518	0.18146718146718147	0.8185328185328186	0.36756316218418905	0.632436837815811
UD_Shanghainese-ShUD	Shanghainese	unknown	218	1344	1562	0.13956466069142126	0.8604353393085787	0.3527060782681099	0.64729392173189
UD_Sicilian-STB	Sicilian	unknown	365	2093	2458	0.1484947111472742	0.8515052888527258	0.5004321521175453	0.4995678478824546
UD_Sindhi-Isra	Sindhi	unknown	199	1682	1881	0.10579479000531632	0.8942052099946837	0.377865329512894	0.622134670487106
UD_Sindhi-Isra	Sindhi	unknown	264	3332	3596	0.07341490545050056	0.9265850945494994	0.3607741508601676	0.6392258491398324
UD_Sindhi-Isra	Sindhi	unknown	417	9430	9847	0.04234792322534782	0.9576520767746521	0.36235127812463186	0.6376487218753681
UD_Sinhala-STB	Sinhala	Indo-European	63	432	495	0.12727272727272726	0.8727272727272727	0.2096069868995633	0.7903930131004366
UD_Skolt_Sami-Giellagas	Skolt_Sami	Uralic	133	642	775	0.17161290322580644	0.8283870967741935	0.3319088319088319	0.6680911680911681
UD_Skolt_Sami-Giellagas	Skolt_Sami	Uralic	143	712	855	0.1672514619883041	0.8327485380116959	0.3299015219337511	0.6700984780662489
UD_Slovak-SNK	Slovak	Indo-European	296	5542	5838	0.050702295306611855	0.9492977046933881	0.2759301014656144	0.7240698985343855
UD_Slovak-SNK	Slovak	Indo-European	732	23858	24590	0.029768198454656364	0.9702318015453436	0.3485028164838423	0.6514971835161577
UD_Slovak-SNK	Slovak	Indo-European	739	27204	27943	0.02644669505779623	0.9735533049422038	0.3385965945914099	0.6614034054085901
UD_Slovenian-SSJ	Slovenian	Indo-European	485	8886	9371	0.05175541564400811	0.9482445843559919	0.3767736406056566	0.6232263593943433
UD_Slovenian-SSJ	Slovenian	Indo-European	1009	47956	48965	0.0206065557030532	0.9793934442969467	0.3690207103459888	0.6309792896540112
UD_Slovenian-SSJ	Slovenian	Indo-European	1022	51417	52439	0.019489311390377392	0.9805106886096226	0.3683937443178166	0.6316062556821834
UD_Slovenian-SST	Slovenian	Indo-European	266	2549	2815	0.09449378330373001	0.90550621669627	0.405283734154721	0.594716265845279
UD_Slovenian-SST	Slovenian	Indo-European	338	4007	4345	0.07779056386651323	0.9222094361334867	0.41823960563014856	0.5817603943698515
UD_Slovenian-SST	Slovenian	Indo-European	530	12531	13061	0.04057882244851083	0.9594211775514891	0.4216830778601157	0.5783169221398843
UD_Soi-AHA	Soi	Indo-European	9	30	39	0.23076923076923078	0.7692307692307693	0.2765957446808511	0.723404255319149
UD_South_Levantine_Arabic-MADAR	South_Levantine_Arabic	Afro-Asiatic	53	314	367	0.1444141689373297	0.8555858310626703	0.34829721362229105	0.651702786377709
UD_Southern_Kurdish-Garrusi	Southern_Kurdish	unknown	48	295	343	0.13994169096209913	0.8600583090379009	0.2505175983436853	0.7494824016563147
UD_Southern_Kurdish-Garrusi	Southern_Kurdish	unknown	60	366	426	0.14084507042253522	0.8591549295774648	0.264937106918239	0.735062893081761
UD_Southern_Kurdish-Garrusi	Southern_Kurdish	unknown	65	391	456	0.1425438596491228	0.8574561403508771	0.26046176046176045	0.7395382395382395
UD_Spanish-AnCora	Spanish	Indo-European	598	36965	37563	0.015919921199052257	0.9840800788009477	0.4917525722419508	0.5082474277580492
UD_Spanish-AnCora	Spanish	Indo-European	611	39353	39964	0.015288759883895506	0.9847112401161044	0.49164026150468687	0.5083597384953131
UD_Spanish-AnCora	Spanish	Indo-European	632	41565	42197	0.01497736805934071	0.9850226319406593	0.4915912907164583	0.5084087092835418
UD_Spanish-COSER	Spanish	Indo-European	257	1377	1634	0.15728274173806608	0.8427172582619339	0.521225314881045	0.47877468511895505
UD_Spanish-GSD	Spanish	Indo-European	283	3747	4030	0.07022332506203474	0.9297766749379652	0.47898686679174485	0.5210131332082552
UD_Spanish-GSD	Spanish	Indo-European	671	45727	46398	0.014461830251303936	0.985538169748696	0.46978080442647374	0.5302191955735263
UD_Spanish-GSD	Spanish	Indo-European	681	48389	49070	0.013878133278989199	0.9861218667210108	0.46971958687025306	0.5302804131297469
UD_Spanish-PUD	Spanish	Indo-European	277	5981	6258	0.044263342921061044	0.955736657078939	0.4685755189692198	0.5314244810307802
UD_Spanish_Sign_Language-LSE	Spanish_Sign_Language	Other	29	505	534	0.054307116104868915	0.9456928838951311	0.0743740795287187	0.9256259204712813
UD_Swedish-LinES	Swedish	Indo-European	273	5225	5498	0.049654419789014186	0.9503455802109858	0.4501432349052446	0.5498567650947555
UD_Swedish-LinES	Swedish	Indo-European	324	8373	8697	0.03725422559503277	0.9627457744049672	0.4468660149511213	0.5531339850488787
UD_Swedish-LinES	Swedish	Indo-European	413	15909	16322	0.025303271657885065	0.974696728342115	0.4510491081457519	0.5489508918542481
UD_Swedish-Old	Swedish	Indo-European	62	200	262	0.2366412213740458	0.7633587786259542	0.3836978131212724	0.6163021868787276
UD_Swedish-PUD	Swedish	Indo-European	267	6169	6436	0.04148539465506526	0.9585146053449347	0.3909922842275256	0.6090077157724745
UD_Swedish-SweLL	Swedish	Indo-European	203	1937	2140	0.09485981308411215	0.9051401869158878	0.4623292127521145	0.5376707872478855
UD_Swedish-Talbanken	Swedish	Indo-European	267	4895	5162	0.05172413793103448	0.9482758620689655	0.39886695086380974	0.6011330491361903
UD_Swedish-Talbanken	Swedish	Indo-European	317	6448	6765	0.046858832224685884	0.9531411677753141	0.4036881366200916	0.5963118633799084
UD_Swedish-Talbanken	Swedish	Indo-European	398	16005	16403	0.02426385417301713	0.9757361458269829	0.39212874631146083	0.6078712536885391
UD_Swedish_Sign_Language-SSLC	Swedish_Sign_Language	Other	74	602	676	0.10946745562130178	0.8905325443786982	0.20156046814044212	0.7984395318595578
UD_Tagalog-TRG	Tagalog	Austronesian	42	191	233	0.18025751072961374	0.8197424892703863	0.4315068493150685	0.5684931506849316
UD_Tagalog-Ugnayan	Tagalog	Austronesian	54	283	337	0.16023738872403562	0.8397626112759644	0.4148418491484185	0.5851581508515815
UD_Tamil-MWTT	Tamil	Dravidian	155	701	856	0.1810747663551402	0.8189252336448598	0.18798828125	0.81201171875
UD_Tamil-TTB	Tamil	Dravidian	238	2409	2647	0.08991310918020401	0.910086890819796	0.16379473584548382	0.8362052641545162
UD_Tamil-TTB	Tamil	Dravidian	259	2789	3048	0.08497375328083989	0.9150262467191601	0.16073697585768743	0.8392630241423126
UD_Tamil-TTB	Tamil	Dravidian	287	3322	3609	0.07952341368800221	0.9204765863119978	0.16767600302800909	0.8323239969719909
UD_Tatar-NMCTT	Tatar	Altaic	99	1165	1264	0.07832278481012658	0.9216772151898734	0.12781561026715557	0.8721843897328444
UD_Teko-TuDeT	Teko	Tupian	138	1260	1398	0.09871244635193133	0.9012875536480687	0.1457286432160804	0.8542713567839196
UD_Telugu-MTG	Telugu	Dravidian	216	1541	1757	0.12293682413204325	0.8770631758679568	0.2792723545990264	0.7207276454009736
UD_Telugu-MTG	Telugu	Dravidian	228	1706	1934	0.11789038262668046	0.8821096173733195	0.27888714381871216	0.7211128561812878
UD_Telugu-MTG	Telugu	Dravidian	246	1828	2074	0.11861137897782063	0.8813886210221794	0.2804020100502513	0.7195979899497488
UD_Telugu_English-TECT	Telugu_English	NA	34	132	166	0.20481927710843373	0.7951807228915663	0.2765957446808511	0.723404255319149
UD_Telugu_English-TECT	Telugu_English	NA	34	159	193	0.17616580310880828	0.8238341968911918	0.2803234501347709	0.7196765498652291
UD_Thai-PUD	Thai	Tai-Kadai	129	3942	4071	0.03168754605747973	0.9683124539425203	0.3102946696696697	0.6897053303303303
UD_Thai-TUD	Thai	Tai-Kadai	182	1772	1954	0.0931422722620266	0.9068577277379734	0.2777629471436199	0.7222370528563802
UD_Thai-TUD	Thai	Tai-Kadai	374	5876	6250	0.05984	0.94016	0.27111392107275184	0.7288860789272481
UD_Thai-TUD	Thai	Tai-Kadai	390	6172	6562	0.05943309966473636	0.9405669003352637	0.27041371440702705	0.729586285592973
UD_Tswana-Popapolelo	Tswana	Niger-Congo	21	76	97	0.21649484536082475	0.7835051546391752	0.4276729559748428	0.5723270440251572
UD_Tupinamba-TuDeT	Tupinamba	Tupian	161	1768	1929	0.08346293416277864	0.9165370658372214	0.17928286852589642	0.8207171314741036
UD_Turkish-Atis	Turkish	Altaic	34	782	816	0.041666666666666664	0.9583333333333334	0.10706903679206284	0.8929309632079372
UD_Turkish-Atis	Turkish	Altaic	63	1946	2009	0.0313588850174216	0.9686411149825784	0.10979068857589984	0.8902093114241002
UD_Turkish-Atis	Turkish	Altaic	64	2080	2144	0.029850746268656716	0.9701492537313433	0.1090630472854641	0.8909369527145359
UD_Turkish-BOUN	Turkish	Altaic	284	5978	6262	0.045352922389013096	0.9546470776109869	0.17305389221556886	0.8269461077844311
UD_Turkish-BOUN	Turkish	Altaic	856	33763	34619	0.024726306363557583	0.9752736936364425	0.18334183645777927	0.8166581635422208
UD_Turkish-BOUN	Turkish	Altaic	889	36393	37282	0.023845287269996244	0.9761547127300038	0.1839273672585831	0.8160726327414168
UD_Turkish-FrameNet	Turkish	Altaic	62	905	967	0.0641158221302999	0.9358841778697001	0.12604340567612687	0.8739565943238731
UD_Turkish-FrameNet	Turkish	Altaic	205	7711	7916	0.025896917635169277	0.9741030823648307	0.13415216649607642	0.8658478335039236
UD_Turkish-FrameNet	Turkish	Altaic	215	8197	8412	0.025558725630052306	0.9744412743699477	0.13323637283419754	0.8667636271658025
UD_Turkish-GB	Turkish	Altaic	580	5006	5586	0.10383100608664518	0.8961689939133548	0.24511434511434513	0.7548856548856548
UD_Turkish-IMST	Turkish	Altaic	270	4724	4994	0.054064877853424106	0.9459351221465759	0.18293395675043833	0.8170660432495617
UD_Turkish-IMST	Turkish	Altaic	389	7860	8249	0.047157231179536914	0.952842768820463	0.19800612575821272	0.8019938742417873
UD_Turkish-IMST	Turkish	Altaic	604	18011	18615	0.032446951383293045	0.967553048616707	0.20486832441506664	0.7951316755849334
UD_Turkish-Kenet	Turkish	Altaic	249	8551	8800	0.028295454545454544	0.9717045454545454	0.15974335229527714	0.8402566477047229
UD_Turkish-Kenet	Turkish	Altaic	320	14620	14940	0.0214190093708166	0.9785809906291834	0.15713523961874293	0.8428647603812571
UD_Turkish-Kenet	Turkish	Altaic	515	48707	49222	0.010462801186461338	0.9895371988135386	0.14942136140802056	0.8505786385919795
UD_Turkish-PUD	Turkish	Altaic	279	7331	7610	0.0366622864651774	0.9633377135348226	0.18356464073289122	0.8164353592671088
UD_Turkish-Penn	Turkish	Altaic	366	35111	35477	0.010316543112439045	0.989683456887561	0.12425750975844317	0.8757424902415568
UD_Turkish-Penn	Turkish	Altaic	368	36017	36385	0.010114057990930328	0.9898859420090697	0.12405331306495833	0.8759466869350416
UD_Turkish-Penn	Turkish	Altaic	376	37304	37680	0.009978768577494692	0.9900212314225053	0.12435416064952987	0.8756458393504701
UD_Turkish-Tourism	Turkish	Altaic	62	1334	1396	0.044412607449856735	0.9555873925501432	0.11574015448904647	0.8842598455109535
UD_Turkish-Tourism	Turkish	Altaic	136	4489	4625	0.029405405405405406	0.9705945945945946	0.12094581779098439	0.8790541822090157
UD_Turkish-Tourism	Turkish	Altaic	140	4845	4985	0.028084252758274825	0.9719157472417251	0.12145192294201007	0.8785480770579899
UD_Turkish-TueCL	Turkish	Altaic	73	331	404	0.1806930693069307	0.8193069306930693	0.20516304347826086	0.7948369565217391
UD_Turkish_English-BUTR	Turkish_English	unknown	68	212	280	0.24285714285714285	0.7571428571428571	0.3098159509202454	0.6901840490797546
UD_Turkish_German-SAGT	Turkish_German	NA	411	3217	3628	0.11328555678059538	0.8867144432194046	0.3424471901155839	0.6575528098844161
UD_Turkish_German-SAGT	Turkish_German	NA	541	5156	5697	0.0949622608390381	0.9050377391609619	0.33791220158053703	0.662087798419463
UD_Turkish_German-SAGT	Turkish_German	NA	631	6559	7190	0.08776077885952713	0.9122392211404728	0.34193197607684406	0.6580680239231559
UD_Ukrainian-IU	Ukrainian	Indo-European	423	6379	6802	0.06218759188473978	0.9378124081152602	0.2756287689366083	0.7243712310633916
UD_Ukrainian-IU	Ukrainian	Indo-European	512	10244	10756	0.0476013387876534	0.9523986612123466	0.27968709925621954	0.7203129007437804
UD_Ukrainian-IU	Ukrainian	Indo-European	914	32339	33253	0.027486241842841246	0.9725137581571588	0.30388326122709797	0.696116738772902
UD_Ukrainian-ParlaMint	Ukrainian	Indo-European	284	2592	2876	0.09874826147426982	0.9012517385257302	0.29961542943712854	0.7003845705628715
UD_Ukrainian-ParlaMint	Ukrainian	Indo-European	582	14074	14656	0.03971069868995633	0.9602893013100436	0.3069025109281285	0.6930974890718715
UD_Ukrainian-ParlaMint	Ukrainian	Indo-European	588	15057	15645	0.03758389261744966	0.9624161073825503	0.3053080601327875	0.6946919398672124
UD_Umbrian-IKUVINA	Umbrian	Indo-European	71	479	550	0.1290909090909091	0.8709090909090909	0.18244406196213425	0.8175559380378657
UD_Upper_Sorbian-UFAL	Upper_Sorbian	Indo-European	237	4155	4392	0.05396174863387978	0.9460382513661202	0.29375421253650863	0.7062457874634913
UD_Urdu-UDTB	Urdu	Indo-European	451	9346	9797	0.04603450035725222	0.9539654996427478	0.39939847534344475	0.6006015246565553
UD_Urdu-UDTB	Urdu	Indo-European	458	10016	10474	0.04372732480427726	0.9562726751957228	0.39951891537284057	0.6004810846271594
UD_Urdu-UDTB	Urdu	Indo-European	469	10600	11069	0.04237058451531304	0.9576294154846869	0.39762863744223803	0.6023713625577619
UD_Uyghur-UDT	Uyghur	Altaic	236	3927	4163	0.056689887100648574	0.9433101128993514	0.16707139388052453	0.8329286061194755
UD_Uyghur-UDT	Uyghur	Altaic	401	9295	9696	0.041357260726072605	0.9586427392739274	0.16044131890344043	0.8395586810965595
UD_Uyghur-UDT	Uyghur	Altaic	460	11708	12168	0.03780407626561473	0.9621959237343852	0.16132829440555108	0.8386717055944489
UD_Uzbek-TueCL	Uzbek	Altaic	67	366	433	0.15473441108545036	0.8452655889145496	0.18598382749326145	0.8140161725067385
UD_Uzbek-UT	Uzbek	Altaic	203	3281	3484	0.058266360505166474	0.9417336394948336	0.13370473537604458	0.8662952646239555
UD_Uzbek-UzUDT	Uzbek	Altaic	142	2279	2421	0.05865344898802148	0.9413465510119785	0.15042174320524837	0.8495782567947516
UD_Uzbek-UzUDT	Uzbek	Altaic	162	2967	3129	0.05177372962607862	0.9482262703739214	0.150042194092827	0.849957805907173
UD_Veps-VWT	Veps	Uralic	113	509	622	0.18167202572347266	0.8183279742765274	0.32594644506001846	0.6740535549399815
UD_Vietnamese-TueCL	Vietnamese	Austro-Asiatic	99	376	475	0.20842105263157895	0.791578947368421	0.4235294117647059	0.5764705882352941
UD_Vietnamese-VTB	Vietnamese	Austro-Asiatic	146	1171	1317	0.1108580106302202	0.8891419893697798	0.2571318920301906	0.7428681079698094
UD_Vietnamese-VTB	Vietnamese	Austro-Asiatic	187	2373	2560	0.073046875	0.926953125	0.2517553062706803	0.7482446937293197
UD_Vietnamese-VTB	Vietnamese	Austro-Asiatic	206	2824	3030	0.06798679867986798	0.932013201320132	0.2567141022897496	0.7432858977102503
UD_Warlpiri-UFAL	Warlpiri	Pama-Nyungan	28	88	116	0.2413793103448276	0.7586206896551724	0.2857142857142857	0.7142857142857143
UD_Welsh-CCG	Welsh	Indo-European	238	5366	5604	0.04246966452533904	0.9575303354746609	0.4128307357738311	0.5871692642261689
UD_Welsh-CCG	Welsh	Indo-European	257	6395	6652	0.03863499699338545	0.9613650030066145	0.4109760950078051	0.5890239049921949
UD_Welsh-CCG	Welsh	Indo-European	288	8034	8322	0.03460706560922855	0.9653929343907715	0.4130788922504073	0.5869211077495927
UD_Western_Armenian-ArmTDP	Western_Armenian	Indo-European	354	4794	5148	0.06876456876456877	0.9312354312354313	0.336748571946686	0.6632514280533139
UD_Western_Armenian-ArmTDP	Western_Armenian	Indo-European	477	8465	8942	0.05334377096846343	0.9466562290315366	0.33513786300867093	0.6648621369913291
UD_Western_Armenian-ArmTDP	Western_Armenian	Indo-European	751	26211	26962	0.02785401676433499	0.972145983235665	0.3224846079066753	0.6775153920933247
UD_Western_Sierra_Puebla_Nahuatl-ITML	Western_Sierra_Puebla_Nahuatl	Uto-Aztecan	259	2442	2701	0.0958904109589041	0.9041095890410958	0.3313165855583322	0.6686834144416678
UD_Wolof-WTB	Wolof	Niger-Congo	240	1935	2175	0.1103448275862069	0.8896551724137931	0.48653421633554084	0.5134657836644592
UD_Wolof-WTB	Wolof	Niger-Congo	316	3284	3600	0.08777777777777777	0.9122222222222223	0.4852044526486547	0.5147955473513453
UD_Wolof-WTB	Wolof	Niger-Congo	386	5626	6012	0.06420492348636062	0.9357950765136394	0.48570233676616653	0.5142976632338334
UD_Xavante-XDT	Xavante	Nuclear-Macro-Je	101	428	529	0.19092627599243855	0.8090737240075614	0.4252948885976409	0.5747051114023591
UD_Xibe-XDT	Xibe	Tungusic	133	2708	2841	0.04681450193593805	0.9531854980640619	0.21988339516922845	0.7801166048307716
UD_Yakut-YKTDT	Yakut	Altaic	56	624	680	0.08235294117647059	0.9176470588235294	0.2068696330991413	0.7931303669008587
UD_Yiddish-YiTB	Yiddish	unknown	113	525	638	0.17711598746081506	0.822884012539185	0.5147625160462131	0.4852374839537869
UD_Yiddish-YiTB	Yiddish	unknown	225	2274	2499	0.09003601440576231	0.9099639855942377	0.5234464751958224	0.47655352480417756
UD_Yiddish-YiTB	Yiddish	unknown	291	4201	4492	0.06478183437221728	0.9352181656277827	0.5240284716388877	0.47597152836111234
UD_Yoruba-YTB	Yoruba	Niger-Congo	294	1263	1557	0.18882466281310212	0.8111753371868978	0.4935064935064935	0.5064935064935064
UD_Yupik-SLI	Yupik	Eskimo-Aleut	19	558	577	0.03292894280762565	0.9670710571923743	0.028070175438596492	0.9719298245614035
UD_Zaar-Autogramm	Zaar	Afro-Asiatic	250	1403	1653	0.1512401693889897	0.8487598306110102	0.4344928695188591	0.5655071304811409
UD_Zaar-Autogramm	Zaar	Afro-Asiatic	392	2317	2709	0.14470284237726097	0.8552971576227391	0.4481230448383733	0.5518769551616267
